序号,统计级别,数据起始时间,数据结束时间,国家,省份,城市,区县,新增确诊人数,新增疑似人数,新增治愈人数,新增死亡人数,累计确诊人数,累计疑似人数,累计治愈人数,累计死亡人数,核减人数,累计核减人数,数据源,数据发布时间,数据源文本,数据源链接,数据间接发布时间,数据间接发布来源,数据间接发布来源链接,数据收集时间,数据收集方式,数据收集人员/程序姓名,数据是否核查,数据首次核查时间,数据首次核查方式,数据首次核查人员/程序姓名,数据首次核查状态,更正人员,更正时间,数据再次核查时间,数据再次核查方式,数据再次核查人员/程序姓名,数据再次核查状态,备注
1,省级,2020/2/8,2020/2/9,中国,山东省,,,28,41,,,435,88,50,,,,山东卫健委,2020/2/9 14:00,2020年2月8日0-12时，山东省报告新型冠状病毒感染的肺炎新增确诊病例9例，累计确诊病例416例(含重症病例25例，危重症病例7例，出院42例，无死亡病例);新增疑似病例17例，现有疑似病例102例。截至目前，追踪到密切接触者12319人，已解除医学观察7139人，诊断为疑似或确诊205例，尚有5128人正在接受医学观察。,http://wsjkw.shandong.gov.cn/wzxxgk/zwgg/202002/t20200208_2517397.html,,,,2020/2/9 15:00,手动,莫纯谊,是,2020/2/8 15:00,手动,莫纯谊,核查通过,,,,,,,
2,区县级,2020/2/8,2020/2/9,中国,山东省,济南市,历下区,,,,,5,,,,,,山东卫健委,2020/2/9 14:00,2020年2月8日0-12时，山东省报告新型冠状病毒感染的肺炎新增确诊病例9例，累计确诊病例416例(含重症病例25例，危重症病例7例，出院42例，无死亡病例);新增疑似病例17例，现有疑似病例102例。截至目前，追踪到密切接触者12319人，已解除医学观察7139人，诊断为疑似或确诊205例，尚有4975人正在接受医学观察。,http://wsjkw.shandong.gov.cn/wzxxgk/zwgg/202002/t20200208_2517244.html,,,,2020/2/9 15:00,手动,莫纯谊,是,2020/2/8 15:00,手动,莫纯谊,核查通过,,,,,,,
3,区县级,2020/2/8,2020/2/9,中国,山东省,济南市,市中区,,,,,24,,,,,,山东卫健委,2020/2/9 14:00,2020年2月8日0-12时，山东省报告新型冠状病毒感染的肺炎新增确诊病例9例，累计确诊病例416例(含重症病例25例，危重症病例7例，出院42例，无死亡病例);新增疑似病例17例，现有疑似病例102例。截至目前，追踪到密切接触者12319人，已解除医学观察7139人，诊断为疑似或确诊205例，尚有4976人正在接受医学观察。,http://wsjkw.shandong.gov.cn/wzxxgk/zwgg/202002/t20200208_2517245.html,,,,2020/2/9 15:00,手动,莫纯谊,是,2020/2/8 15:00,手动,莫纯谊,核查通过,,,,,,,
4,区县级,2020/2/8,2020/2/9,中国,山东省,济南市,槐荫区,,,,,1,,,,,,山东卫健委,2020/2/9 14:00,2020年2月8日0-12时，山东省报告新型冠状病毒感染的肺炎新增确诊病例9例，累计确诊病例416例(含重症病例25例，危重症病例7例，出院42例，无死亡病例);新增疑似病例17例，现有疑似病例102例。截至目前，追踪到密切接触者12319人，已解除医学观察7139人，诊断为疑似或确诊205例，尚有4977人正在接受医学观察。,http://wsjkw.shandong.gov.cn/wzxxgk/zwgg/202002/t20200208_2517246.html,,,,2020/2/9 15:00,手动,莫纯谊,是,2020/2/8 15:00,手动,莫纯谊,核查通过,,,,,,,
5,区县级,2020/2/8,2020/2/9,中国,山东省,济南市,天桥区,,,,,3,,,,,,山东卫健委,2020/2/9 14:00,2020年2月8日0-12时，山东省报告新型冠状病毒感染的肺炎新增确诊病例9例，累计确诊病例416例(含重症病例25例，危重症病例7例，出院42例，无死亡病例);新增疑似病例17例，现有疑似病例102例。截至目前，追踪到密切接触者12319人，已解除医学观察7139人，诊断为疑似或确诊205例，尚有4978人正在接受医学观察。,http://wsjkw.shandong.gov.cn/wzxxgk/zwgg/202002/t20200208_2517247.html,,,,2020/2/9 15:00,手动,莫纯谊,是,2020/2/8 15:00,手动,莫纯谊,核查通过,,,,,,,
6,区县级,2020/2/8,2020/2/9,中国,山东省,济南市,历城区,,,,,4,,,,,,山东卫健委,2020/2/9 14:00,2020年2月8日0-12时，山东省报告新型冠状病毒感染的肺炎新增确诊病例9例，累计确诊病例416例(含重症病例25例，危重症病例7例，出院42例，无死亡病例);新增疑似病例17例，现有疑似病例102例。截至目前，追踪到密切接触者12319人，已解除医学观察7139人，诊断为疑似或确诊205例，尚有4979人正在接受医学观察。,http://wsjkw.shandong.gov.cn/wzxxgk/zwgg/202002/t20200208_2517248.html,,,,2020/2/9 15:00,手动,莫纯谊,是,2020/2/8 15:00,手动,莫纯谊,核查通过,,,,,,,
7,区县级,2020/2/8,2020/2/9,中国,山东省,济南市,长清区,,,,,4,,,,,,山东卫健委,2020/2/9 14:00,2020年2月8日0-12时，山东省报告新型冠状病毒感染的肺炎新增确诊病例9例，累计确诊病例416例(含重症病例25例，危重症病例7例，出院42例，无死亡病例);新增疑似病例17例，现有疑似病例102例。截至目前，追踪到密切接触者12319人，已解除医学观察7139人，诊断为疑似或确诊205例，尚有4980人正在接受医学观察。,http://wsjkw.shandong.gov.cn/wzxxgk/zwgg/202002/t20200208_2517249.html,,,,2020/2/9 15:00,手动,莫纯谊,是,2020/2/8 15:00,手动,莫纯谊,核查通过,,,,,,,
8,区县级,2020/2/8,2020/2/9,中国,山东省,济南市,章丘区,,,,,1,,,,,,山东卫健委,2020/2/9 14:00,2020年2月8日0-12时，山东省报告新型冠状病毒感染的肺炎新增确诊病例9例，累计确诊病例416例(含重症病例25例，危重症病例7例，出院42例，无死亡病例);新增疑似病例17例，现有疑似病例102例。截至目前，追踪到密切接触者12319人，已解除医学观察7139人，诊断为疑似或确诊205例，尚有4981人正在接受医学观察。,http://wsjkw.shandong.gov.cn/wzxxgk/zwgg/202002/t20200208_2517250.html,,,,2020/2/9 15:00,手动,莫纯谊,是,2020/2/8 15:00,手动,莫纯谊,核查通过,,,,,,,
9,区县级,2020/2/8,2020/2/9,中国,山东省,济南市,平阴县,,,,,,,,,,,山东卫健委,2020/2/9 14:00,2020年2月8日0-12时，山东省报告新型冠状病毒感染的肺炎新增确诊病例9例，累计确诊病例416例(含重症病例25例，危重症病例7例，出院42例，无死亡病例);新增疑似病例17例，现有疑似病例102例。截至目前，追踪到密切接触者12319人，已解除医学观察7139人，诊断为疑似或确诊205例，尚有4982人正在接受医学观察。,http://wsjkw.shandong.gov.cn/wzxxgk/zwgg/202002/t20200208_2517251.html,,,,2020/2/9 15:00,手动,莫纯谊,是,2020/2/8 15:00,手动,莫纯谊,核查通过,,,,,,,
10,区县级,2020/2/8,2020/2/9,中国,山东省,济南市,济阳区,,,,,,,,,,,山东卫健委,2020/2/9 14:00,2020年2月8日0-12时，山东省报告新型冠状病毒感染的肺炎新增确诊病例9例，累计确诊病例416例(含重症病例25例，危重症病例7例，出院42例，无死亡病例);新增疑似病例17例，现有疑似病例102例。截至目前，追踪到密切接触者12319人，已解除医学观察7139人，诊断为疑似或确诊205例，尚有4983人正在接受医学观察。,http://wsjkw.shandong.gov.cn/wzxxgk/zwgg/202002/t20200208_2517252.html,,,,2020/2/9 15:00,手动,莫纯谊,是,2020/2/8 15:00,手动,莫纯谊,核查通过,,,,,,,
11,区县级,2020/2/8,2020/2/9,中国,山东省,济南市,莱芜区,,,,,,,,,,,山东卫健委,2020/2/9 14:00,2020年2月8日0-12时，山东省报告新型冠状病毒感染的肺炎新增确诊病例9例，累计确诊病例416例(含重症病例25例，危重症病例7例，出院42例，无死亡病例);新增疑似病例17例，现有疑似病例102例。截至目前，追踪到密切接触者12319人，已解除医学观察7139人，诊断为疑似或确诊205例，尚有4984人正在接受医学观察。,http://wsjkw.shandong.gov.cn/wzxxgk/zwgg/202002/t20200208_2517253.html,,,,2020/2/9 15:00,手动,莫纯谊,是,2020/2/8 15:00,手动,莫纯谊,核查通过,,,,,,,
12,区县级,2020/2/8,2020/2/9,中国,山东省,济南市,钢城区,,,,,,,,,,,山东卫健委,2020/2/9 14:00,2020年2月8日0-12时，山东省报告新型冠状病毒感染的肺炎新增确诊病例9例，累计确诊病例416例(含重症病例25例，危重症病例7例，出院42例，无死亡病例);新增疑似病例17例，现有疑似病例102例。截至目前，追踪到密切接触者12319人，已解除医学观察7139人，诊断为疑似或确诊205例，尚有4985人正在接受医学观察。,http://wsjkw.shandong.gov.cn/wzxxgk/zwgg/202002/t20200208_2517254.html,,,,2020/2/9 15:00,手动,莫纯谊,是,2020/2/8 15:00,手动,莫纯谊,核查通过,,,,,,,
13,区县级,2020/2/8,2020/2/9,中国,山东省,济南市,商河县,,,,,,,,,,,山东卫健委,2020/2/9 14:00,2020年2月8日0-12时，山东省报告新型冠状病毒感染的肺炎新增确诊病例9例，累计确诊病例416例(含重症病例25例，危重症病例7例，出院42例，无死亡病例);新增疑似病例17例，现有疑似病例102例。截至目前，追踪到密切接触者12319人，已解除医学观察7139人，诊断为疑似或确诊205例，尚有4986人正在接受医学观察。,http://wsjkw.shandong.gov.cn/wzxxgk/zwgg/202002/t20200208_2517255.html,,,,2020/2/9 15:00,手动,莫纯谊,是,2020/2/8 15:00,手动,莫纯谊,核查通过,,,,,,,
14,城市级,2020/2/8,2020/2/9,中国,山东省,济南市,,,8,,,42,22,3,,,,山东卫健委,2020/2/9 14:00,2020年2月8日0-12时，山东省报告新型冠状病毒感染的肺炎新增确诊病例9例，累计确诊病例416例(含重症病例25例，危重症病例7例，出院42例，无死亡病例);新增疑似病例17例，现有疑似病例102例。截至目前，追踪到密切接触者12319人，已解除医学观察7139人，诊断为疑似或确诊205例，尚有4987人正在接受医学观察。,http://wsjkw.shandong.gov.cn/wzxxgk/zwgg/202002/t20200208_2517256.html,,,,2020/2/9 15:00,手动,莫纯谊,是,2020/2/8 15:00,手动,莫纯谊,核查通过,,,,,,,
15,区县级,2020/2/8,2020/2/9,中国,山东省,青岛市,市南区,,,,,5,,,,,,山东卫健委,2020/2/9 14:00,2020年2月8日0-12时，山东省报告新型冠状病毒感染的肺炎新增确诊病例9例，累计确诊病例416例(含重症病例25例，危重症病例7例，出院42例，无死亡病例);新增疑似病例17例，现有疑似病例102例。截至目前，追踪到密切接触者12319人，已解除医学观察7139人，诊断为疑似或确诊205例，尚有4988人正在接受医学观察。,http://wsjkw.shandong.gov.cn/wzxxgk/zwgg/202002/t20200208_2517257.html,,,,2020/2/9 15:00,手动,莫纯谊,是,2020/2/8 15:00,手动,莫纯谊,核查通过,,,,,,,
16,区县级,2020/2/8,2020/2/9,中国,山东省,青岛市,市北区,,,,,9,,,,,,山东卫健委,2020/2/9 14:00,2020年2月8日0-12时，山东省报告新型冠状病毒感染的肺炎新增确诊病例9例，累计确诊病例416例(含重症病例25例，危重症病例7例，出院42例，无死亡病例);新增疑似病例17例，现有疑似病例102例。截至目前，追踪到密切接触者12319人，已解除医学观察7139人，诊断为疑似或确诊205例，尚有4989人正在接受医学观察。,http://wsjkw.shandong.gov.cn/wzxxgk/zwgg/202002/t20200208_2517258.html,,,,2020/2/9 15:00,手动,莫纯谊,是,2020/2/8 15:00,手动,莫纯谊,核查通过,,,,,,,
17,区县级,2020/2/8,2020/2/9,中国,山东省,青岛市,黄岛区,,,,,10,,,,,,山东卫健委,2020/2/9 14:00,2020年2月8日0-12时，山东省报告新型冠状病毒感染的肺炎新增确诊病例9例，累计确诊病例416例(含重症病例25例，危重症病例7例，出院42例，无死亡病例);新增疑似病例17例，现有疑似病例102例。截至目前，追踪到密切接触者12319人，已解除医学观察7139人，诊断为疑似或确诊205例，尚有4990人正在接受医学观察。,http://wsjkw.shandong.gov.cn/wzxxgk/zwgg/202002/t20200208_2517259.html,,,,2020/2/9 15:00,手动,莫纯谊,是,2020/2/8 15:00,手动,莫纯谊,核查通过,,,,,,,
18,区县级,2020/2/8,2020/2/9,中国,山东省,青岛市,崂山区,,,,,3,,,,,,山东卫健委,2020/2/9 14:00,2020年2月8日0-12时，山东省报告新型冠状病毒感染的肺炎新增确诊病例9例，累计确诊病例416例(含重症病例25例，危重症病例7例，出院42例，无死亡病例);新增疑似病例17例，现有疑似病例102例。截至目前，追踪到密切接触者12319人，已解除医学观察7139人，诊断为疑似或确诊205例，尚有4991人正在接受医学观察。,http://wsjkw.shandong.gov.cn/wzxxgk/zwgg/202002/t20200208_2517260.html,,,,2020/2/9 15:00,手动,莫纯谊,是,2020/2/8 15:00,手动,莫纯谊,核查通过,,,,,,,
19,区县级,2020/2/8,2020/2/9,中国,山东省,青岛市,李沧区,,,,,5,,,,,,山东卫健委,2020/2/9 14:00,2020年2月8日0-12时，山东省报告新型冠状病毒感染的肺炎新增确诊病例9例，累计确诊病例416例(含重症病例25例，危重症病例7例，出院42例，无死亡病例);新增疑似病例17例，现有疑似病例102例。截至目前，追踪到密切接触者12319人，已解除医学观察7139人，诊断为疑似或确诊205例，尚有4992人正在接受医学观察。,http://wsjkw.shandong.gov.cn/wzxxgk/zwgg/202002/t20200208_2517261.html,,,,2020/2/9 15:00,手动,莫纯谊,是,2020/2/8 15:00,手动,莫纯谊,核查通过,,,,,,,
20,区县级,2020/2/8,2020/2/9,中国,山东省,青岛市,城阳区,,,,,2,,,,,,山东卫健委,2020/2/9 14:00,2020年2月8日0-12时，山东省报告新型冠状病毒感染的肺炎新增确诊病例9例，累计确诊病例416例(含重症病例25例，危重症病例7例，出院42例，无死亡病例);新增疑似病例17例，现有疑似病例102例。截至目前，追踪到密切接触者12319人，已解除医学观察7139人，诊断为疑似或确诊205例，尚有4993人正在接受医学观察。,http://wsjkw.shandong.gov.cn/wzxxgk/zwgg/202002/t20200208_2517262.html,,,,2020/2/9 15:00,手动,莫纯谊,是,2020/2/8 15:00,手动,莫纯谊,核查通过,,,,,,,
21,区县级,2020/2/8,2020/2/9,中国,山东省,青岛市,即墨区,,,,,8,,,,,,山东卫健委,2020/2/9 14:00,2020年2月8日0-12时，山东省报告新型冠状病毒感染的肺炎新增确诊病例9例，累计确诊病例416例(含重症病例25例，危重症病例7例，出院42例，无死亡病例);新增疑似病例17例，现有疑似病例102例。截至目前，追踪到密切接触者12319人，已解除医学观察7139人，诊断为疑似或确诊205例，尚有4994人正在接受医学观察。,http://wsjkw.shandong.gov.cn/wzxxgk/zwgg/202002/t20200208_2517263.html,,,,2020/2/9 15:00,手动,莫纯谊,是,2020/2/8 15:00,手动,莫纯谊,核查通过,,,,,,,
22,区县级,2020/2/8,2020/2/9,中国,山东省,青岛市,胶州市,,,,,1,,,,,,山东卫健委,2020/2/9 14:00,2020年2月8日0-12时，山东省报告新型冠状病毒感染的肺炎新增确诊病例9例，累计确诊病例416例(含重症病例25例，危重症病例7例，出院42例，无死亡病例);新增疑似病例17例，现有疑似病例102例。截至目前，追踪到密切接触者12319人，已解除医学观察7139人，诊断为疑似或确诊205例，尚有4995人正在接受医学观察。,http://wsjkw.shandong.gov.cn/wzxxgk/zwgg/202002/t20200208_2517264.html,,,,2020/2/9 15:00,手动,莫纯谊,是,2020/2/8 15:00,手动,莫纯谊,核查通过,,,,,,,
23,区县级,2020/2/8,2020/2/9,中国,山东省,青岛市,平度市,,,,,3,,,,,,山东卫健委,2020/2/9 14:00,2020年2月8日0-12时，山东省报告新型冠状病毒感染的肺炎新增确诊病例9例，累计确诊病例416例(含重症病例25例，危重症病例7例，出院42例，无死亡病例);新增疑似病例17例，现有疑似病例102例。截至目前，追踪到密切接触者12319人，已解除医学观察7139人，诊断为疑似或确诊205例，尚有4996人正在接受医学观察。,http://wsjkw.shandong.gov.cn/wzxxgk/zwgg/202002/t20200208_2517265.html,,,,2020/2/9 15:00,手动,莫纯谊,是,2020/2/8 15:00,手动,莫纯谊,核查通过,,,,,,,
24,区县级,2020/2/8,2020/2/9,中国,山东省,青岛市,莱西市,,,,,1,,,,,,山东卫健委,2020/2/9 14:00,2020年2月8日0-12时，山东省报告新型冠状病毒感染的肺炎新增确诊病例9例，累计确诊病例416例(含重症病例25例，危重症病例7例，出院42例，无死亡病例);新增疑似病例17例，现有疑似病例102例。截至目前，追踪到密切接触者12319人，已解除医学观察7139人，诊断为疑似或确诊205例，尚有4997人正在接受医学观察。,http://wsjkw.shandong.gov.cn/wzxxgk/zwgg/202002/t20200208_2517266.html,,,,2020/2/9 15:00,手动,莫纯谊,是,2020/2/8 15:00,手动,莫纯谊,核查通过,,,,,,,
25,城市级,2020/2/8,2020/2/9,中国,山东省,青岛市,,1,21,,,47,33,7,,,,山东卫健委,2020/2/9 14:00,2020年2月8日0-12时，山东省报告新型冠状病毒感染的肺炎新增确诊病例9例，累计确诊病例416例(含重症病例25例，危重症病例7例，出院42例，无死亡病例);新增疑似病例17例，现有疑似病例102例。截至目前，追踪到密切接触者12319人，已解除医学观察7139人，诊断为疑似或确诊205例，尚有4998人正在接受医学观察。,http://wsjkw.shandong.gov.cn/wzxxgk/zwgg/202002/t20200208_2517267.html,,,,2020/2/9 15:00,手动,莫纯谊,是,2020/2/8 15:00,手动,莫纯谊,核查通过,,,,,,,
26,区县级,2020/2/8,2020/2/9,中国,山东省,淄博市,淄川区,,,,,2,,,,,,山东卫健委,2020/2/9 14:00,2020年2月8日0-12时，山东省报告新型冠状病毒感染的肺炎新增确诊病例9例，累计确诊病例416例(含重症病例25例，危重症病例7例，出院42例，无死亡病例);新增疑似病例17例，现有疑似病例102例。截至目前，追踪到密切接触者12319人，已解除医学观察7139人，诊断为疑似或确诊205例，尚有4999人正在接受医学观察。,http://wsjkw.shandong.gov.cn/wzxxgk/zwgg/202002/t20200208_2517268.html,,,,2020/2/9 15:00,手动,莫纯谊,是,2020/2/8 15:00,手动,莫纯谊,核查通过,,,,,,,
27,区县级,2020/2/8,2020/2/9,中国,山东省,淄博市,张店区,,,,,6,,,,,,山东卫健委,2020/2/9 14:00,2020年2月8日0-12时，山东省报告新型冠状病毒感染的肺炎新增确诊病例9例，累计确诊病例416例(含重症病例25例，危重症病例7例，出院42例，无死亡病例);新增疑似病例17例，现有疑似病例102例。截至目前，追踪到密切接触者12319人，已解除医学观察7139人，诊断为疑似或确诊205例，尚有5000人正在接受医学观察。,http://wsjkw.shandong.gov.cn/wzxxgk/zwgg/202002/t20200208_2517269.html,,,,2020/2/9 15:00,手动,莫纯谊,是,2020/2/8 15:00,手动,莫纯谊,核查通过,,,,,,,
28,区县级,2020/2/8,2020/2/9,中国,山东省,淄博市,博山区,,,,,6,,,,,,山东卫健委,2020/2/9 14:00,2020年2月8日0-12时，山东省报告新型冠状病毒感染的肺炎新增确诊病例9例，累计确诊病例416例(含重症病例25例，危重症病例7例，出院42例，无死亡病例);新增疑似病例17例，现有疑似病例102例。截至目前，追踪到密切接触者12319人，已解除医学观察7139人，诊断为疑似或确诊205例，尚有5001人正在接受医学观察。,http://wsjkw.shandong.gov.cn/wzxxgk/zwgg/202002/t20200208_2517270.html,,,,2020/2/9 15:00,手动,莫纯谊,是,2020/2/8 15:00,手动,莫纯谊,核查通过,,,,,,,
29,区县级,2020/2/8,2020/2/9,中国,山东省,淄博市,临淄区,,,,,,,,,,,山东卫健委,2020/2/9 14:00,2020年2月8日0-12时，山东省报告新型冠状病毒感染的肺炎新增确诊病例9例，累计确诊病例416例(含重症病例25例，危重症病例7例，出院42例，无死亡病例);新增疑似病例17例，现有疑似病例102例。截至目前，追踪到密切接触者12319人，已解除医学观察7139人，诊断为疑似或确诊205例，尚有5002人正在接受医学观察。,http://wsjkw.shandong.gov.cn/wzxxgk/zwgg/202002/t20200208_2517271.html,,,,2020/2/9 15:00,手动,莫纯谊,是,2020/2/8 15:00,手动,莫纯谊,核查通过,,,,,,,
30,区县级,2020/2/8,2020/2/9,中国,山东省,淄博市,周村区,,,,,1,,,,,,山东卫健委,2020/2/9 14:00,2020年2月8日0-12时，山东省报告新型冠状病毒感染的肺炎新增确诊病例9例，累计确诊病例416例(含重症病例25例，危重症病例7例，出院42例，无死亡病例);新增疑似病例17例，现有疑似病例102例。截至目前，追踪到密切接触者12319人，已解除医学观察7139人，诊断为疑似或确诊205例，尚有5003人正在接受医学观察。,http://wsjkw.shandong.gov.cn/wzxxgk/zwgg/202002/t20200208_2517272.html,,,,2020/2/9 15:00,手动,莫纯谊,是,2020/2/8 15:00,手动,莫纯谊,核查通过,,,,,,,
31,区县级,2020/2/8,2020/2/9,中国,山东省,淄博市,桓台县,,,,,1,,,,,,山东卫健委,2020/2/9 14:00,2020年2月8日0-12时，山东省报告新型冠状病毒感染的肺炎新增确诊病例9例，累计确诊病例416例(含重症病例25例，危重症病例7例，出院42例，无死亡病例);新增疑似病例17例，现有疑似病例102例。截至目前，追踪到密切接触者12319人，已解除医学观察7139人，诊断为疑似或确诊205例，尚有5004人正在接受医学观察。,http://wsjkw.shandong.gov.cn/wzxxgk/zwgg/202002/t20200208_2517273.html,,,,2020/2/9 15:00,手动,莫纯谊,是,2020/2/8 15:00,手动,莫纯谊,核查通过,,,,,,,
32,区县级,2020/2/8,2020/2/9,中国,山东省,淄博市,高青县,,,,,,,,,,,山东卫健委,2020/2/9 14:00,2020年2月8日0-12时，山东省报告新型冠状病毒感染的肺炎新增确诊病例9例，累计确诊病例416例(含重症病例25例，危重症病例7例，出院42例，无死亡病例);新增疑似病例17例，现有疑似病例102例。截至目前，追踪到密切接触者12319人，已解除医学观察7139人，诊断为疑似或确诊205例，尚有5005人正在接受医学观察。,http://wsjkw.shandong.gov.cn/wzxxgk/zwgg/202002/t20200208_2517274.html,,,,2020/2/9 15:00,手动,莫纯谊,是,2020/2/8 15:00,手动,莫纯谊,核查通过,,,,,,,
33,区县级,2020/2/8,2020/2/9,中国,山东省,淄博市,沂源县,,,,,,,,,,,山东卫健委,2020/2/9 14:00,2020年2月8日0-12时，山东省报告新型冠状病毒感染的肺炎新增确诊病例9例，累计确诊病例416例(含重症病例25例，危重症病例7例，出院42例，无死亡病例);新增疑似病例17例，现有疑似病例102例。截至目前，追踪到密切接触者12319人，已解除医学观察7139人，诊断为疑似或确诊205例，尚有5006人正在接受医学观察。,http://wsjkw.shandong.gov.cn/wzxxgk/zwgg/202002/t20200208_2517275.html,,,,2020/2/9 15:00,手动,莫纯谊,是,2020/2/8 15:00,手动,莫纯谊,核查通过,,,,,,,
34,城市级,2020/2/8,2020/2/9,中国,山东省,淄博市,,1,,,,16,,1,,,,山东卫健委,2020/2/9 14:00,2020年2月8日0-12时，山东省报告新型冠状病毒感染的肺炎新增确诊病例9例，累计确诊病例416例(含重症病例25例，危重症病例7例，出院42例，无死亡病例);新增疑似病例17例，现有疑似病例102例。截至目前，追踪到密切接触者12319人，已解除医学观察7139人，诊断为疑似或确诊205例，尚有5007人正在接受医学观察。,http://wsjkw.shandong.gov.cn/wzxxgk/zwgg/202002/t20200208_2517276.html,,,,2020/2/9 15:00,手动,莫纯谊,是,2020/2/8 15:00,手动,莫纯谊,核查通过,,,,,,,
35,区县级,2020/2/8,2020/2/9,中国,山东省,枣庄市,市中区,,,,,5,,,,,,山东卫健委,2020/2/9 14:00,2020年2月8日0-12时，山东省报告新型冠状病毒感染的肺炎新增确诊病例9例，累计确诊病例416例(含重症病例25例，危重症病例7例，出院42例，无死亡病例);新增疑似病例17例，现有疑似病例102例。截至目前，追踪到密切接触者12319人，已解除医学观察7139人，诊断为疑似或确诊205例，尚有5008人正在接受医学观察。,http://wsjkw.shandong.gov.cn/wzxxgk/zwgg/202002/t20200208_2517277.html,,,,2020/2/9 15:00,手动,莫纯谊,是,2020/2/8 15:00,手动,莫纯谊,核查通过,,,,,,,
36,区县级,2020/2/8,2020/2/9,中国,山东省,枣庄市,薛城区,,,,,4,,,,,,山东卫健委,2020/2/9 14:00,2020年2月8日0-12时，山东省报告新型冠状病毒感染的肺炎新增确诊病例9例，累计确诊病例416例(含重症病例25例，危重症病例7例，出院42例，无死亡病例);新增疑似病例17例，现有疑似病例102例。截至目前，追踪到密切接触者12319人，已解除医学观察7139人，诊断为疑似或确诊205例，尚有5009人正在接受医学观察。,http://wsjkw.shandong.gov.cn/wzxxgk/zwgg/202002/t20200208_2517278.html,,,,2020/2/9 15:00,手动,莫纯谊,是,2020/2/8 15:00,手动,莫纯谊,核查通过,,,,,,,
37,区县级,2020/2/8,2020/2/9,中国,山东省,枣庄市,峄城区,,,,,5,,,,,,山东卫健委,2020/2/9 14:00,2020年2月8日0-12时，山东省报告新型冠状病毒感染的肺炎新增确诊病例9例，累计确诊病例416例(含重症病例25例，危重症病例7例，出院42例，无死亡病例);新增疑似病例17例，现有疑似病例102例。截至目前，追踪到密切接触者12319人，已解除医学观察7139人，诊断为疑似或确诊205例，尚有5010人正在接受医学观察。,http://wsjkw.shandong.gov.cn/wzxxgk/zwgg/202002/t20200208_2517279.html,,,,2020/2/9 15:00,手动,莫纯谊,是,2020/2/8 15:00,手动,莫纯谊,核查通过,,,,,,,
38,区县级,2020/2/8,2020/2/9,中国,山东省,枣庄市,台儿庄区,,,,,1,,,,,,山东卫健委,2020/2/9 14:00,2020年2月8日0-12时，山东省报告新型冠状病毒感染的肺炎新增确诊病例9例，累计确诊病例416例(含重症病例25例，危重症病例7例，出院42例，无死亡病例);新增疑似病例17例，现有疑似病例102例。截至目前，追踪到密切接触者12319人，已解除医学观察7139人，诊断为疑似或确诊205例，尚有5011人正在接受医学观察。,http://wsjkw.shandong.gov.cn/wzxxgk/zwgg/202002/t20200208_2517280.html,,,,2020/2/9 15:00,手动,莫纯谊,是,2020/2/8 15:00,手动,莫纯谊,核查通过,,,,,,,
39,区县级,2020/2/8,2020/2/9,中国,山东省,枣庄市,山亭区,,,,,2,,,,,,山东卫健委,2020/2/9 14:00,2020年2月8日0-12时，山东省报告新型冠状病毒感染的肺炎新增确诊病例9例，累计确诊病例416例(含重症病例25例，危重症病例7例，出院42例，无死亡病例);新增疑似病例17例，现有疑似病例102例。截至目前，追踪到密切接触者12319人，已解除医学观察7139人，诊断为疑似或确诊205例，尚有5012人正在接受医学观察。,http://wsjkw.shandong.gov.cn/wzxxgk/zwgg/202002/t20200208_2517281.html,,,,2020/2/9 15:00,手动,莫纯谊,是,2020/2/8 15:00,手动,莫纯谊,核查通过,,,,,,,
40,区县级,2020/2/8,2020/2/9,中国,山东省,枣庄市,滕州市,,,,,4,,,,,,山东卫健委,2020/2/9 14:00,2020年2月8日0-12时，山东省报告新型冠状病毒感染的肺炎新增确诊病例9例，累计确诊病例416例(含重症病例25例，危重症病例7例，出院42例，无死亡病例);新增疑似病例17例，现有疑似病例102例。截至目前，追踪到密切接触者12319人，已解除医学观察7139人，诊断为疑似或确诊205例，尚有5013人正在接受医学观察。,http://wsjkw.shandong.gov.cn/wzxxgk/zwgg/202002/t20200208_2517282.html,,,,2020/2/9 15:00,手动,莫纯谊,是,2020/2/8 15:00,手动,莫纯谊,核查通过,,,,,,,
41,城市级,2020/2/8,2020/2/9,中国,山东省,枣庄市,,2,,,,21,,,,,,山东卫健委,2020/2/9 14:00,2020年2月8日0-12时，山东省报告新型冠状病毒感染的肺炎新增确诊病例9例，累计确诊病例416例(含重症病例25例，危重症病例7例，出院42例，无死亡病例);新增疑似病例17例，现有疑似病例102例。截至目前，追踪到密切接触者12319人，已解除医学观察7139人，诊断为疑似或确诊205例，尚有5014人正在接受医学观察。,http://wsjkw.shandong.gov.cn/wzxxgk/zwgg/202002/t20200208_2517283.html,,,,2020/2/9 15:00,手动,莫纯谊,是,2020/2/8 15:00,手动,莫纯谊,核查通过,,,,,,,
42,区县级,2020/2/8,2020/2/9,中国,山东省,东营市,东营区,,,,,,,,,,,山东卫健委,2020/2/9 14:00,2020年2月8日0-12时，山东省报告新型冠状病毒感染的肺炎新增确诊病例9例，累计确诊病例416例(含重症病例25例，危重症病例7例，出院42例，无死亡病例);新增疑似病例17例，现有疑似病例102例。截至目前，追踪到密切接触者12319人，已解除医学观察7139人，诊断为疑似或确诊205例，尚有5015人正在接受医学观察。,http://wsjkw.shandong.gov.cn/wzxxgk/zwgg/202002/t20200208_2517284.html,,,,2020/2/9 15:00,手动,莫纯谊,是,2020/2/8 15:00,手动,莫纯谊,核查通过,,,,,,,
43,区县级,2020/2/8,2020/2/9,中国,山东省,东营市,河口区,,,,,,,,,,,山东卫健委,2020/2/9 14:00,2020年2月8日0-12时，山东省报告新型冠状病毒感染的肺炎新增确诊病例9例，累计确诊病例416例(含重症病例25例，危重症病例7例，出院42例，无死亡病例);新增疑似病例17例，现有疑似病例102例。截至目前，追踪到密切接触者12319人，已解除医学观察7139人，诊断为疑似或确诊205例，尚有5016人正在接受医学观察。,http://wsjkw.shandong.gov.cn/wzxxgk/zwgg/202002/t20200208_2517285.html,,,,2020/2/9 15:00,手动,莫纯谊,是,2020/2/8 15:00,手动,莫纯谊,核查通过,,,,,,,
44,区县级,2020/2/8,2020/2/9,中国,山东省,东营市,垦利区,,,,,,,,,,,山东卫健委,2020/2/9 14:00,2020年2月8日0-12时，山东省报告新型冠状病毒感染的肺炎新增确诊病例9例，累计确诊病例416例(含重症病例25例，危重症病例7例，出院42例，无死亡病例);新增疑似病例17例，现有疑似病例102例。截至目前，追踪到密切接触者12319人，已解除医学观察7139人，诊断为疑似或确诊205例，尚有5017人正在接受医学观察。,http://wsjkw.shandong.gov.cn/wzxxgk/zwgg/202002/t20200208_2517286.html,,,,2020/2/9 15:00,手动,莫纯谊,是,2020/2/8 15:00,手动,莫纯谊,核查通过,,,,,,,
45,区县级,2020/2/8,2020/2/9,中国,山东省,东营市,利津县,,,,,,,,,,,山东卫健委,2020/2/9 14:00,2020年2月8日0-12时，山东省报告新型冠状病毒感染的肺炎新增确诊病例9例，累计确诊病例416例(含重症病例25例，危重症病例7例，出院42例，无死亡病例);新增疑似病例17例，现有疑似病例102例。截至目前，追踪到密切接触者12319人，已解除医学观察7139人，诊断为疑似或确诊205例，尚有5018人正在接受医学观察。,http://wsjkw.shandong.gov.cn/wzxxgk/zwgg/202002/t20200208_2517287.html,,,,2020/2/9 15:00,手动,莫纯谊,是,2020/2/8 15:00,手动,莫纯谊,核查通过,,,,,,,
46,区县级,2020/2/8,2020/2/9,中国,山东省,东营市,广饶县,,,,,,,,,,,山东卫健委,2020/2/9 14:00,2020年2月8日0-12时，山东省报告新型冠状病毒感染的肺炎新增确诊病例9例，累计确诊病例416例(含重症病例25例，危重症病例7例，出院42例，无死亡病例);新增疑似病例17例，现有疑似病例102例。截至目前，追踪到密切接触者12319人，已解除医学观察7139人，诊断为疑似或确诊205例，尚有5019人正在接受医学观察。,http://wsjkw.shandong.gov.cn/wzxxgk/zwgg/202002/t20200208_2517288.html,,,,2020/2/9 15:00,手动,莫纯谊,是,2020/2/8 15:00,手动,莫纯谊,核查通过,,,,,,,
47,城市级,2020/2/8,2020/2/9,中国,山东省,东营市,,,,,,,,,,,,山东卫健委,2020/2/9 14:00,2020年2月8日0-12时，山东省报告新型冠状病毒感染的肺炎新增确诊病例9例，累计确诊病例416例(含重症病例25例，危重症病例7例，出院42例，无死亡病例);新增疑似病例17例，现有疑似病例102例。截至目前，追踪到密切接触者12319人，已解除医学观察7139人，诊断为疑似或确诊205例，尚有5020人正在接受医学观察。,http://wsjkw.shandong.gov.cn/wzxxgk/zwgg/202002/t20200208_2517289.html,,,,2020/2/9 15:00,手动,莫纯谊,是,2020/2/8 15:00,手动,莫纯谊,核查通过,,,,,,,
48,区县级,2020/2/8,2020/2/9,中国,山东省,烟台市,芝罘区,,,,,7,,,,,,山东卫健委,2020/2/9 14:00,2020年2月8日0-12时，山东省报告新型冠状病毒感染的肺炎新增确诊病例9例，累计确诊病例416例(含重症病例25例，危重症病例7例，出院42例，无死亡病例);新增疑似病例17例，现有疑似病例102例。截至目前，追踪到密切接触者12319人，已解除医学观察7139人，诊断为疑似或确诊205例，尚有5021人正在接受医学观察。,http://wsjkw.shandong.gov.cn/wzxxgk/zwgg/202002/t20200208_2517290.html,,,,2020/2/9 15:00,手动,莫纯谊,是,2020/2/8 15:00,手动,莫纯谊,核查通过,,,,,,,
49,区县级,2020/2/8,2020/2/9,中国,山东省,烟台市,福山区,,,,,10,,,,,,山东卫健委,2020/2/9 14:00,2020年2月8日0-12时，山东省报告新型冠状病毒感染的肺炎新增确诊病例9例，累计确诊病例416例(含重症病例25例，危重症病例7例，出院42例，无死亡病例);新增疑似病例17例，现有疑似病例102例。截至目前，追踪到密切接触者12319人，已解除医学观察7139人，诊断为疑似或确诊205例，尚有5022人正在接受医学观察。,http://wsjkw.shandong.gov.cn/wzxxgk/zwgg/202002/t20200208_2517291.html,,,,2020/2/9 15:00,手动,莫纯谊,是,2020/2/8 15:00,手动,莫纯谊,核查通过,,,,,,,
50,区县级,2020/2/8,2020/2/9,中国,山东省,烟台市,牟平区,,,,,1,,,,,,山东卫健委,2020/2/9 14:00,2020年2月8日0-12时，山东省报告新型冠状病毒感染的肺炎新增确诊病例9例，累计确诊病例416例(含重症病例25例，危重症病例7例，出院42例，无死亡病例);新增疑似病例17例，现有疑似病例102例。截至目前，追踪到密切接触者12319人，已解除医学观察7139人，诊断为疑似或确诊205例，尚有5023人正在接受医学观察。,http://wsjkw.shandong.gov.cn/wzxxgk/zwgg/202002/t20200208_2517292.html,,,,2020/2/9 15:00,手动,莫纯谊,是,2020/2/8 15:00,手动,莫纯谊,核查通过,,,,,,,
51,区县级,2020/2/8,2020/2/9,中国,山东省,烟台市,莱山区,,,,,1,,,,,,山东卫健委,2020/2/9 14:00,2020年2月8日0-12时，山东省报告新型冠状病毒感染的肺炎新增确诊病例9例，累计确诊病例416例(含重症病例25例，危重症病例7例，出院42例，无死亡病例);新增疑似病例17例，现有疑似病例102例。截至目前，追踪到密切接触者12319人，已解除医学观察7139人，诊断为疑似或确诊205例，尚有5024人正在接受医学观察。,http://wsjkw.shandong.gov.cn/wzxxgk/zwgg/202002/t20200208_2517293.html,,,,2020/2/9 15:00,手动,莫纯谊,是,2020/2/8 15:00,手动,莫纯谊,核查通过,,,,,,,
52,区县级,2020/2/8,2020/2/9,中国,山东省,烟台市,长岛县,,,,,,,,,,,山东卫健委,2020/2/9 14:00,2020年2月8日0-12时，山东省报告新型冠状病毒感染的肺炎新增确诊病例9例，累计确诊病例416例(含重症病例25例，危重症病例7例，出院42例，无死亡病例);新增疑似病例17例，现有疑似病例102例。截至目前，追踪到密切接触者12319人，已解除医学观察7139人，诊断为疑似或确诊205例，尚有5025人正在接受医学观察。,http://wsjkw.shandong.gov.cn/wzxxgk/zwgg/202002/t20200208_2517294.html,,,,2020/2/9 15:00,手动,莫纯谊,是,2020/2/8 15:00,手动,莫纯谊,核查通过,,,,,,,
53,区县级,2020/2/8,2020/2/9,中国,山东省,烟台市,龙口市,,,,,,,,,,,山东卫健委,2020/2/9 14:00,2020年2月8日0-12时，山东省报告新型冠状病毒感染的肺炎新增确诊病例9例，累计确诊病例416例(含重症病例25例，危重症病例7例，出院42例，无死亡病例);新增疑似病例17例，现有疑似病例102例。截至目前，追踪到密切接触者12319人，已解除医学观察7139人，诊断为疑似或确诊205例，尚有5026人正在接受医学观察。,http://wsjkw.shandong.gov.cn/wzxxgk/zwgg/202002/t20200208_2517295.html,,,,2020/2/9 15:00,手动,莫纯谊,是,2020/2/8 15:00,手动,莫纯谊,核查通过,,,,,,,
54,区县级,2020/2/8,2020/2/9,中国,山东省,烟台市,莱阳市,,,,,6,,,,,,山东卫健委,2020/2/9 14:00,2020年2月8日0-12时，山东省报告新型冠状病毒感染的肺炎新增确诊病例9例，累计确诊病例416例(含重症病例25例，危重症病例7例，出院42例，无死亡病例);新增疑似病例17例，现有疑似病例102例。截至目前，追踪到密切接触者12319人，已解除医学观察7139人，诊断为疑似或确诊205例，尚有5027人正在接受医学观察。,http://wsjkw.shandong.gov.cn/wzxxgk/zwgg/202002/t20200208_2517296.html,,,,2020/2/9 15:00,手动,莫纯谊,是,2020/2/8 15:00,手动,莫纯谊,核查通过,,,,,,,
55,区县级,2020/2/8,2020/2/9,中国,山东省,烟台市,莱州市,,,,,2,,,,,,山东卫健委,2020/2/9 14:00,2020年2月8日0-12时，山东省报告新型冠状病毒感染的肺炎新增确诊病例9例，累计确诊病例416例(含重症病例25例，危重症病例7例，出院42例，无死亡病例);新增疑似病例17例，现有疑似病例102例。截至目前，追踪到密切接触者12319人，已解除医学观察7139人，诊断为疑似或确诊205例，尚有5028人正在接受医学观察。,http://wsjkw.shandong.gov.cn/wzxxgk/zwgg/202002/t20200208_2517297.html,,,,2020/2/9 15:00,手动,莫纯谊,是,2020/2/8 15:00,手动,莫纯谊,核查通过,,,,,,,
56,区县级,2020/2/8,2020/2/9,中国,山东省,烟台市,蓬莱市,,,,,,,,,,,山东卫健委,2020/2/9 14:00,2020年2月8日0-12时，山东省报告新型冠状病毒感染的肺炎新增确诊病例9例，累计确诊病例416例(含重症病例25例，危重症病例7例，出院42例，无死亡病例);新增疑似病例17例，现有疑似病例102例。截至目前，追踪到密切接触者12319人，已解除医学观察7139人，诊断为疑似或确诊205例，尚有5029人正在接受医学观察。,http://wsjkw.shandong.gov.cn/wzxxgk/zwgg/202002/t20200208_2517298.html,,,,2020/2/9 15:00,手动,莫纯谊,是,2020/2/8 15:00,手动,莫纯谊,核查通过,,,,,,,
57,区县级,2020/2/8,2020/2/9,中国,山东省,烟台市,招远市,,,,,1,,,,,,山东卫健委,2020/2/9 14:00,2020年2月8日0-12时，山东省报告新型冠状病毒感染的肺炎新增确诊病例9例，累计确诊病例416例(含重症病例25例，危重症病例7例，出院42例，无死亡病例);新增疑似病例17例，现有疑似病例102例。截至目前，追踪到密切接触者12319人，已解除医学观察7139人，诊断为疑似或确诊205例，尚有5030人正在接受医学观察。,http://wsjkw.shandong.gov.cn/wzxxgk/zwgg/202002/t20200208_2517299.html,,,,2020/2/9 15:00,手动,莫纯谊,是,2020/2/8 15:00,手动,莫纯谊,核查通过,,,,,,,
58,区县级,2020/2/8,2020/2/9,中国,山东省,烟台市,栖霞市,,,,,,,,,,,山东卫健委,2020/2/9 14:00,2020年2月8日0-12时，山东省报告新型冠状病毒感染的肺炎新增确诊病例9例，累计确诊病例416例(含重症病例25例，危重症病例7例，出院42例，无死亡病例);新增疑似病例17例，现有疑似病例102例。截至目前，追踪到密切接触者12319人，已解除医学观察7139人，诊断为疑似或确诊205例，尚有5031人正在接受医学观察。,http://wsjkw.shandong.gov.cn/wzxxgk/zwgg/202002/t20200208_2517300.html,,,,2020/2/9 15:00,手动,莫纯谊,是,2020/2/8 15:00,手动,莫纯谊,核查通过,,,,,,,
59,区县级,2020/2/8,2020/2/9,中国,山东省,烟台市,海阳市,,,,,8,,,,,,山东卫健委,2020/2/9 14:00,2020年2月8日0-12时，山东省报告新型冠状病毒感染的肺炎新增确诊病例9例，累计确诊病例416例(含重症病例25例，危重症病例7例，出院42例，无死亡病例);新增疑似病例17例，现有疑似病例102例。截至目前，追踪到密切接触者12319人，已解除医学观察7139人，诊断为疑似或确诊205例，尚有5032人正在接受医学观察。,http://wsjkw.shandong.gov.cn/wzxxgk/zwgg/202002/t20200208_2517301.html,,,,2020/2/9 15:00,手动,莫纯谊,是,2020/2/8 15:00,手动,莫纯谊,核查通过,,,,,,,
60,城市级,2020/2/8,2020/2/9,中国,山东省,烟台市,,2,1,,,36,,2,,,,山东卫健委,2020/2/9 14:00,2020年2月8日0-12时，山东省报告新型冠状病毒感染的肺炎新增确诊病例9例，累计确诊病例416例(含重症病例25例，危重症病例7例，出院42例，无死亡病例);新增疑似病例17例，现有疑似病例102例。截至目前，追踪到密切接触者12319人，已解除医学观察7139人，诊断为疑似或确诊205例，尚有5033人正在接受医学观察。,http://wsjkw.shandong.gov.cn/wzxxgk/zwgg/202002/t20200208_2517302.html,,,,2020/2/9 15:00,手动,莫纯谊,是,2020/2/8 15:00,手动,莫纯谊,核查通过,,,,,,,
61,区县级,2020/2/8,2020/2/9,中国,山东省,潍坊市,潍城区,,,,,,,,,,,山东卫健委,2020/2/9 14:00,2020年2月8日0-12时，山东省报告新型冠状病毒感染的肺炎新增确诊病例9例，累计确诊病例416例(含重症病例25例，危重症病例7例，出院42例，无死亡病例);新增疑似病例17例，现有疑似病例102例。截至目前，追踪到密切接触者12319人，已解除医学观察7139人，诊断为疑似或确诊205例，尚有5034人正在接受医学观察。,http://wsjkw.shandong.gov.cn/wzxxgk/zwgg/202002/t20200208_2517303.html,,,,2020/2/9 15:00,手动,莫纯谊,是,2020/2/8 15:00,手动,莫纯谊,核查通过,,,,,,,
62,区县级,2020/2/8,2020/2/9,中国,山东省,潍坊市,寒亭区,,,,,,,,,,,山东卫健委,2020/2/9 14:00,2020年2月8日0-12时，山东省报告新型冠状病毒感染的肺炎新增确诊病例9例，累计确诊病例416例(含重症病例25例，危重症病例7例，出院42例，无死亡病例);新增疑似病例17例，现有疑似病例102例。截至目前，追踪到密切接触者12319人，已解除医学观察7139人，诊断为疑似或确诊205例，尚有5035人正在接受医学观察。,http://wsjkw.shandong.gov.cn/wzxxgk/zwgg/202002/t20200208_2517304.html,,,,2020/2/9 15:00,手动,莫纯谊,是,2020/2/8 15:00,手动,莫纯谊,核查通过,,,,,,,
63,区县级,2020/2/8,2020/2/9,中国,山东省,潍坊市,坊子区,,,,,,,,,,,山东卫健委,2020/2/9 14:00,2020年2月8日0-12时，山东省报告新型冠状病毒感染的肺炎新增确诊病例9例，累计确诊病例416例(含重症病例25例，危重症病例7例，出院42例，无死亡病例);新增疑似病例17例，现有疑似病例102例。截至目前，追踪到密切接触者12319人，已解除医学观察7139人，诊断为疑似或确诊205例，尚有5036人正在接受医学观察。,http://wsjkw.shandong.gov.cn/wzxxgk/zwgg/202002/t20200208_2517305.html,,,,2020/2/9 15:00,手动,莫纯谊,是,2020/2/8 15:00,手动,莫纯谊,核查通过,,,,,,,
64,区县级,2020/2/8,2020/2/9,中国,山东省,潍坊市,奎文区,,,,,21,,,,,,山东卫健委,2020/2/9 14:00,2020年2月8日0-12时，山东省报告新型冠状病毒感染的肺炎新增确诊病例9例，累计确诊病例416例(含重症病例25例，危重症病例7例，出院42例，无死亡病例);新增疑似病例17例，现有疑似病例102例。截至目前，追踪到密切接触者12319人，已解除医学观察7139人，诊断为疑似或确诊205例，尚有5037人正在接受医学观察。,http://wsjkw.shandong.gov.cn/wzxxgk/zwgg/202002/t20200208_2517306.html,,,,2020/2/9 15:00,手动,莫纯谊,是,2020/2/8 15:00,手动,莫纯谊,核查通过,,,,,,,
65,区县级,2020/2/8,2020/2/9,中国,山东省,潍坊市,临朐县,,,,,3,,,,,,山东卫健委,2020/2/9 14:00,2020年2月8日0-12时，山东省报告新型冠状病毒感染的肺炎新增确诊病例9例，累计确诊病例416例(含重症病例25例，危重症病例7例，出院42例，无死亡病例);新增疑似病例17例，现有疑似病例102例。截至目前，追踪到密切接触者12319人，已解除医学观察7139人，诊断为疑似或确诊205例，尚有5038人正在接受医学观察。,http://wsjkw.shandong.gov.cn/wzxxgk/zwgg/202002/t20200208_2517307.html,,,,2020/2/9 15:00,手动,莫纯谊,是,2020/2/8 15:00,手动,莫纯谊,核查通过,,,,,,,
66,区县级,2020/2/8,2020/2/9,中国,山东省,潍坊市,昌乐县,,,,,4,,,,,,山东卫健委,2020/2/9 14:00,2020年2月8日0-12时，山东省报告新型冠状病毒感染的肺炎新增确诊病例9例，累计确诊病例416例(含重症病例25例，危重症病例7例，出院42例，无死亡病例);新增疑似病例17例，现有疑似病例102例。截至目前，追踪到密切接触者12319人，已解除医学观察7139人，诊断为疑似或确诊205例，尚有5039人正在接受医学观察。,http://wsjkw.shandong.gov.cn/wzxxgk/zwgg/202002/t20200208_2517308.html,,,,2020/2/9 15:00,手动,莫纯谊,是,2020/2/8 15:00,手动,莫纯谊,核查通过,,,,,,,
67,区县级,2020/2/8,2020/2/9,中国,山东省,潍坊市,青州市,,,,,,,,,,,山东卫健委,2020/2/9 14:00,2020年2月8日0-12时，山东省报告新型冠状病毒感染的肺炎新增确诊病例9例，累计确诊病例416例(含重症病例25例，危重症病例7例，出院42例，无死亡病例);新增疑似病例17例，现有疑似病例102例。截至目前，追踪到密切接触者12319人，已解除医学观察7139人，诊断为疑似或确诊205例，尚有5040人正在接受医学观察。,http://wsjkw.shandong.gov.cn/wzxxgk/zwgg/202002/t20200208_2517309.html,,,,2020/2/9 15:00,手动,莫纯谊,是,2020/2/8 15:00,手动,莫纯谊,核查通过,,,,,,,
68,区县级,2020/2/8,2020/2/9,中国,山东省,潍坊市,诸城市,,,,,2,,,,,,山东卫健委,2020/2/9 14:00,2020年2月8日0-12时，山东省报告新型冠状病毒感染的肺炎新增确诊病例9例，累计确诊病例416例(含重症病例25例，危重症病例7例，出院42例，无死亡病例);新增疑似病例17例，现有疑似病例102例。截至目前，追踪到密切接触者12319人，已解除医学观察7139人，诊断为疑似或确诊205例，尚有5041人正在接受医学观察。,http://wsjkw.shandong.gov.cn/wzxxgk/zwgg/202002/t20200208_2517310.html,,,,2020/2/9 15:00,手动,莫纯谊,是,2020/2/8 15:00,手动,莫纯谊,核查通过,,,,,,,
69,区县级,2020/2/8,2020/2/9,中国,山东省,潍坊市,寿光市,,,,,1,,,,,,山东卫健委,2020/2/9 14:00,2020年2月8日0-12时，山东省报告新型冠状病毒感染的肺炎新增确诊病例9例，累计确诊病例416例(含重症病例25例，危重症病例7例，出院42例，无死亡病例);新增疑似病例17例，现有疑似病例102例。截至目前，追踪到密切接触者12319人，已解除医学观察7139人，诊断为疑似或确诊205例，尚有5042人正在接受医学观察。,http://wsjkw.shandong.gov.cn/wzxxgk/zwgg/202002/t20200208_2517311.html,,,,2020/2/9 15:00,手动,莫纯谊,是,2020/2/8 15:00,手动,莫纯谊,核查通过,,,,,,,
70,区县级,2020/2/8,2020/2/9,中国,山东省,潍坊市,安丘市,,,,,1,,,,,,山东卫健委,2020/2/9 14:00,2020年2月8日0-12时，山东省报告新型冠状病毒感染的肺炎新增确诊病例9例，累计确诊病例416例(含重症病例25例，危重症病例7例，出院42例，无死亡病例);新增疑似病例17例，现有疑似病例102例。截至目前，追踪到密切接触者12319人，已解除医学观察7139人，诊断为疑似或确诊205例，尚有5043人正在接受医学观察。,http://wsjkw.shandong.gov.cn/wzxxgk/zwgg/202002/t20200208_2517312.html,,,,2020/2/9 15:00,手动,莫纯谊,是,2020/2/8 15:00,手动,莫纯谊,核查通过,,,,,,,
71,区县级,2020/2/8,2020/2/9,中国,山东省,潍坊市,高密市,,,,,1,,,,,,山东卫健委,2020/2/9 14:00,2020年2月8日0-12时，山东省报告新型冠状病毒感染的肺炎新增确诊病例9例，累计确诊病例416例(含重症病例25例，危重症病例7例，出院42例，无死亡病例);新增疑似病例17例，现有疑似病例102例。截至目前，追踪到密切接触者12319人，已解除医学观察7139人，诊断为疑似或确诊205例，尚有5044人正在接受医学观察。,http://wsjkw.shandong.gov.cn/wzxxgk/zwgg/202002/t20200208_2517313.html,,,,2020/2/9 15:00,手动,莫纯谊,是,2020/2/8 15:00,手动,莫纯谊,核查通过,,,,,,,
72,区县级,2020/2/8,2020/2/9,中国,山东省,潍坊市,昌邑市,,,,,1,,,,,,山东卫健委,2020/2/9 14:00,2020年2月8日0-12时，山东省报告新型冠状病毒感染的肺炎新增确诊病例9例，累计确诊病例416例(含重症病例25例，危重症病例7例，出院42例，无死亡病例);新增疑似病例17例，现有疑似病例102例。截至目前，追踪到密切接触者12319人，已解除医学观察7139人，诊断为疑似或确诊205例，尚有5045人正在接受医学观察。,http://wsjkw.shandong.gov.cn/wzxxgk/zwgg/202002/t20200208_2517314.html,,,,2020/2/9 15:00,手动,莫纯谊,是,2020/2/8 15:00,手动,莫纯谊,核查通过,,,,,,,
73,城市级,2020/2/8,2020/2/9,中国,山东省,潍坊市,,5,1,,,34,3,1,,,,山东卫健委,2020/2/9 14:00,2020年2月8日0-12时，山东省报告新型冠状病毒感染的肺炎新增确诊病例9例，累计确诊病例416例(含重症病例25例，危重症病例7例，出院42例，无死亡病例);新增疑似病例17例，现有疑似病例102例。截至目前，追踪到密切接触者12319人，已解除医学观察7139人，诊断为疑似或确诊205例，尚有5046人正在接受医学观察。,http://wsjkw.shandong.gov.cn/wzxxgk/zwgg/202002/t20200208_2517315.html,,,,2020/2/9 15:00,手动,莫纯谊,是,2020/2/8 15:00,手动,莫纯谊,核查通过,,,,,,,
74,区县级,2020/2/8,2020/2/9,中国,山东省,济宁市,任城区,,,,,17,,,,,,山东卫健委,2020/2/9 14:00,2020年2月8日0-12时，山东省报告新型冠状病毒感染的肺炎新增确诊病例9例，累计确诊病例416例(含重症病例25例，危重症病例7例，出院42例，无死亡病例);新增疑似病例17例，现有疑似病例102例。截至目前，追踪到密切接触者12319人，已解除医学观察7139人，诊断为疑似或确诊205例，尚有5047人正在接受医学观察。,http://wsjkw.shandong.gov.cn/wzxxgk/zwgg/202002/t20200208_2517316.html,,,,2020/2/9 15:00,手动,莫纯谊,是,2020/2/8 15:00,手动,莫纯谊,核查通过,,,,,,,
75,区县级,2020/2/8,2020/2/9,中国,山东省,济宁市,兖州区,,,,,6,,,,,,山东卫健委,2020/2/9 14:00,2020年2月8日0-12时，山东省报告新型冠状病毒感染的肺炎新增确诊病例9例，累计确诊病例416例(含重症病例25例，危重症病例7例，出院42例，无死亡病例);新增疑似病例17例，现有疑似病例102例。截至目前，追踪到密切接触者12319人，已解除医学观察7139人，诊断为疑似或确诊205例，尚有5048人正在接受医学观察。,http://wsjkw.shandong.gov.cn/wzxxgk/zwgg/202002/t20200208_2517317.html,,,,2020/2/9 15:00,手动,莫纯谊,是,2020/2/8 15:00,手动,莫纯谊,核查通过,,,,,,,
76,区县级,2020/2/8,2020/2/9,中国,山东省,济宁市,微山县,,,,,,,,,,,山东卫健委,2020/2/9 14:00,2020年2月8日0-12时，山东省报告新型冠状病毒感染的肺炎新增确诊病例9例，累计确诊病例416例(含重症病例25例，危重症病例7例，出院42例，无死亡病例);新增疑似病例17例，现有疑似病例102例。截至目前，追踪到密切接触者12319人，已解除医学观察7139人，诊断为疑似或确诊205例，尚有5049人正在接受医学观察。,http://wsjkw.shandong.gov.cn/wzxxgk/zwgg/202002/t20200208_2517318.html,,,,2020/2/9 15:00,手动,莫纯谊,是,2020/2/8 15:00,手动,莫纯谊,核查通过,,,,,,,
77,区县级,2020/2/8,2020/2/9,中国,山东省,济宁市,鱼台县,,,,,,,,,,,山东卫健委,2020/2/9 14:00,2020年2月8日0-12时，山东省报告新型冠状病毒感染的肺炎新增确诊病例9例，累计确诊病例416例(含重症病例25例，危重症病例7例，出院42例，无死亡病例);新增疑似病例17例，现有疑似病例102例。截至目前，追踪到密切接触者12319人，已解除医学观察7139人，诊断为疑似或确诊205例，尚有5050人正在接受医学观察。,http://wsjkw.shandong.gov.cn/wzxxgk/zwgg/202002/t20200208_2517319.html,,,,2020/2/9 15:00,手动,莫纯谊,是,2020/2/8 15:00,手动,莫纯谊,核查通过,,,,,,,
78,区县级,2020/2/8,2020/2/9,中国,山东省,济宁市,金乡县,,,,,1,,,,,,山东卫健委,2020/2/9 14:00,2020年2月8日0-12时，山东省报告新型冠状病毒感染的肺炎新增确诊病例9例，累计确诊病例416例(含重症病例25例，危重症病例7例，出院42例，无死亡病例);新增疑似病例17例，现有疑似病例102例。截至目前，追踪到密切接触者12319人，已解除医学观察7139人，诊断为疑似或确诊205例，尚有5051人正在接受医学观察。,http://wsjkw.shandong.gov.cn/wzxxgk/zwgg/202002/t20200208_2517320.html,,,,2020/2/9 15:00,手动,莫纯谊,是,2020/2/8 15:00,手动,莫纯谊,核查通过,,,,,,,
79,区县级,2020/2/8,2020/2/9,中国,山东省,济宁市,嘉祥县,,,,,1,,,,,,山东卫健委,2020/2/9 14:00,2020年2月8日0-12时，山东省报告新型冠状病毒感染的肺炎新增确诊病例9例，累计确诊病例416例(含重症病例25例，危重症病例7例，出院42例，无死亡病例);新增疑似病例17例，现有疑似病例102例。截至目前，追踪到密切接触者12319人，已解除医学观察7139人，诊断为疑似或确诊205例，尚有5052人正在接受医学观察。,http://wsjkw.shandong.gov.cn/wzxxgk/zwgg/202002/t20200208_2517321.html,,,,2020/2/9 15:00,手动,莫纯谊,是,2020/2/8 15:00,手动,莫纯谊,核查通过,,,,,,,
80,区县级,2020/2/8,2020/2/9,中国,山东省,济宁市,汶上县,,,,,1,,,,,,山东卫健委,2020/2/9 14:00,2020年2月8日0-12时，山东省报告新型冠状病毒感染的肺炎新增确诊病例9例，累计确诊病例416例(含重症病例25例，危重症病例7例，出院42例，无死亡病例);新增疑似病例17例，现有疑似病例102例。截至目前，追踪到密切接触者12319人，已解除医学观察7139人，诊断为疑似或确诊205例，尚有5053人正在接受医学观察。,http://wsjkw.shandong.gov.cn/wzxxgk/zwgg/202002/t20200208_2517322.html,,,,2020/2/9 15:00,手动,莫纯谊,是,2020/2/8 15:00,手动,莫纯谊,核查通过,,,,,,,
81,区县级,2020/2/8,2020/2/9,中国,山东省,济宁市,泗水县,,,,,,,,,,,山东卫健委,2020/2/9 14:00,2020年2月8日0-12时，山东省报告新型冠状病毒感染的肺炎新增确诊病例9例，累计确诊病例416例(含重症病例25例，危重症病例7例，出院42例，无死亡病例);新增疑似病例17例，现有疑似病例102例。截至目前，追踪到密切接触者12319人，已解除医学观察7139人，诊断为疑似或确诊205例，尚有5054人正在接受医学观察。,http://wsjkw.shandong.gov.cn/wzxxgk/zwgg/202002/t20200208_2517323.html,,,,2020/2/9 15:00,手动,莫纯谊,是,2020/2/8 15:00,手动,莫纯谊,核查通过,,,,,,,
82,区县级,2020/2/8,2020/2/9,中国,山东省,济宁市,梁山县,,,,,,,,,,,山东卫健委,2020/2/9 14:00,2020年2月8日0-12时，山东省报告新型冠状病毒感染的肺炎新增确诊病例9例，累计确诊病例416例(含重症病例25例，危重症病例7例，出院42例，无死亡病例);新增疑似病例17例，现有疑似病例102例。截至目前，追踪到密切接触者12319人，已解除医学观察7139人，诊断为疑似或确诊205例，尚有5055人正在接受医学观察。,http://wsjkw.shandong.gov.cn/wzxxgk/zwgg/202002/t20200208_2517324.html,,,,2020/2/9 15:00,手动,莫纯谊,是,2020/2/8 15:00,手动,莫纯谊,核查通过,,,,,,,
83,区县级,2020/2/8,2020/2/9,中国,山东省,济宁市,曲阜市,,,,,12,,,,,,山东卫健委,2020/2/9 14:00,2020年2月8日0-12时，山东省报告新型冠状病毒感染的肺炎新增确诊病例9例，累计确诊病例416例(含重症病例25例，危重症病例7例，出院42例，无死亡病例);新增疑似病例17例，现有疑似病例102例。截至目前，追踪到密切接触者12319人，已解除医学观察7139人，诊断为疑似或确诊205例，尚有5056人正在接受医学观察。,http://wsjkw.shandong.gov.cn/wzxxgk/zwgg/202002/t20200208_2517325.html,,,,2020/2/9 15:00,手动,莫纯谊,是,2020/2/8 15:00,手动,莫纯谊,核查通过,,,,,,,
84,区县级,2020/2/8,2020/2/9,中国,山东省,济宁市,邹城市,,,,,1,,,,,,山东卫健委,2020/2/9 14:00,2020年2月8日0-12时，山东省报告新型冠状病毒感染的肺炎新增确诊病例9例，累计确诊病例416例(含重症病例25例，危重症病例7例，出院42例，无死亡病例);新增疑似病例17例，现有疑似病例102例。截至目前，追踪到密切接触者12319人，已解除医学观察7139人，诊断为疑似或确诊205例，尚有5057人正在接受医学观察。,http://wsjkw.shandong.gov.cn/wzxxgk/zwgg/202002/t20200208_2517326.html,,,,2020/2/9 15:00,手动,莫纯谊,是,2020/2/8 15:00,手动,莫纯谊,核查通过,,,,,,,
85,城市级,2020/2/8,2020/2/9,中国,山东省,济宁市,,1,3,,,39,7,8,,,,山东卫健委,2020/2/9 14:00,2020年2月8日0-12时，山东省报告新型冠状病毒感染的肺炎新增确诊病例9例，累计确诊病例416例(含重症病例25例，危重症病例7例，出院42例，无死亡病例);新增疑似病例17例，现有疑似病例102例。截至目前，追踪到密切接触者12319人，已解除医学观察7139人，诊断为疑似或确诊205例，尚有5058人正在接受医学观察。,http://wsjkw.shandong.gov.cn/wzxxgk/zwgg/202002/t20200208_2517327.html,,,,2020/2/9 15:00,手动,莫纯谊,是,2020/2/8 15:00,手动,莫纯谊,核查通过,,,,,,,
86,区县级,2020/2/8,2020/2/9,中国,山东省,泰安市,泰山区,,,,,14,,,,,,山东卫健委,2020/2/9 14:00,2020年2月8日0-12时，山东省报告新型冠状病毒感染的肺炎新增确诊病例9例，累计确诊病例416例(含重症病例25例，危重症病例7例，出院42例，无死亡病例);新增疑似病例17例，现有疑似病例102例。截至目前，追踪到密切接触者12319人，已解除医学观察7139人，诊断为疑似或确诊205例，尚有5059人正在接受医学观察。,http://wsjkw.shandong.gov.cn/wzxxgk/zwgg/202002/t20200208_2517328.html,,,,2020/2/9 15:00,手动,莫纯谊,是,2020/2/8 15:00,手动,莫纯谊,核查通过,,,,,,,
87,区县级,2020/2/8,2020/2/9,中国,山东省,泰安市,岱岳区,,,,,1,,,,,,山东卫健委,2020/2/9 14:00,2020年2月8日0-12时，山东省报告新型冠状病毒感染的肺炎新增确诊病例9例，累计确诊病例416例(含重症病例25例，危重症病例7例，出院42例，无死亡病例);新增疑似病例17例，现有疑似病例102例。截至目前，追踪到密切接触者12319人，已解除医学观察7139人，诊断为疑似或确诊205例，尚有5060人正在接受医学观察。,http://wsjkw.shandong.gov.cn/wzxxgk/zwgg/202002/t20200208_2517329.html,,,,2020/2/9 15:00,手动,莫纯谊,是,2020/2/8 15:00,手动,莫纯谊,核查通过,,,,,,,
88,区县级,2020/2/8,2020/2/9,中国,山东省,泰安市,宁阳县,,,,,,,,,,,山东卫健委,2020/2/9 14:00,2020年2月8日0-12时，山东省报告新型冠状病毒感染的肺炎新增确诊病例9例，累计确诊病例416例(含重症病例25例，危重症病例7例，出院42例，无死亡病例);新增疑似病例17例，现有疑似病例102例。截至目前，追踪到密切接触者12319人，已解除医学观察7139人，诊断为疑似或确诊205例，尚有5061人正在接受医学观察。,http://wsjkw.shandong.gov.cn/wzxxgk/zwgg/202002/t20200208_2517330.html,,,,2020/2/9 15:00,手动,莫纯谊,是,2020/2/8 15:00,手动,莫纯谊,核查通过,,,,,,,
89,区县级,2020/2/8,2020/2/9,中国,山东省,泰安市,东平县,,,,,2,,,,,,山东卫健委,2020/2/9 14:00,2020年2月8日0-12时，山东省报告新型冠状病毒感染的肺炎新增确诊病例9例，累计确诊病例416例(含重症病例25例，危重症病例7例，出院42例，无死亡病例);新增疑似病例17例，现有疑似病例102例。截至目前，追踪到密切接触者12319人，已解除医学观察7139人，诊断为疑似或确诊205例，尚有5062人正在接受医学观察。,http://wsjkw.shandong.gov.cn/wzxxgk/zwgg/202002/t20200208_2517331.html,,,,2020/2/9 15:00,手动,莫纯谊,是,2020/2/8 15:00,手动,莫纯谊,核查通过,,,,,,,
90,区县级,2020/2/8,2020/2/9,中国,山东省,泰安市,新泰市,,,,,4,,,,,,山东卫健委,2020/2/9 14:00,2020年2月8日0-12时，山东省报告新型冠状病毒感染的肺炎新增确诊病例9例，累计确诊病例416例(含重症病例25例，危重症病例7例，出院42例，无死亡病例);新增疑似病例17例，现有疑似病例102例。截至目前，追踪到密切接触者12319人，已解除医学观察7139人，诊断为疑似或确诊205例，尚有5063人正在接受医学观察。,http://wsjkw.shandong.gov.cn/wzxxgk/zwgg/202002/t20200208_2517332.html,,,,2020/2/9 15:00,手动,莫纯谊,是,2020/2/8 15:00,手动,莫纯谊,核查通过,,,,,,,
91,区县级,2020/2/8,2020/2/9,中国,山东省,泰安市,肥城市,,,,,2,,,,,,山东卫健委,2020/2/9 14:00,2020年2月8日0-12时，山东省报告新型冠状病毒感染的肺炎新增确诊病例9例，累计确诊病例416例(含重症病例25例，危重症病例7例，出院42例，无死亡病例);新增疑似病例17例，现有疑似病例102例。截至目前，追踪到密切接触者12319人，已解除医学观察7139人，诊断为疑似或确诊205例，尚有5064人正在接受医学观察。,http://wsjkw.shandong.gov.cn/wzxxgk/zwgg/202002/t20200208_2517333.html,,,,2020/2/9 15:00,手动,莫纯谊,是,2020/2/8 15:00,手动,莫纯谊,核查通过,,,,,,,
92,城市级,2020/2/8,2020/2/9,中国,山东省,泰安市,,3,,,,23,5,1,,,,山东卫健委,2020/2/9 14:00,2020年2月8日0-12时，山东省报告新型冠状病毒感染的肺炎新增确诊病例9例，累计确诊病例416例(含重症病例25例，危重症病例7例，出院42例，无死亡病例);新增疑似病例17例，现有疑似病例102例。截至目前，追踪到密切接触者12319人，已解除医学观察7139人，诊断为疑似或确诊205例，尚有5065人正在接受医学观察。,http://wsjkw.shandong.gov.cn/wzxxgk/zwgg/202002/t20200208_2517334.html,,,,2020/2/9 15:00,手动,莫纯谊,是,2020/2/8 15:00,手动,莫纯谊,核查通过,,,,,,,
93,区县级,2020/2/8,2020/2/9,中国,山东省,威海市,环翠区,,,,,20,,,,,,山东卫健委,2020/2/9 14:00,2020年2月8日0-12时，山东省报告新型冠状病毒感染的肺炎新增确诊病例9例，累计确诊病例416例(含重症病例25例，危重症病例7例，出院42例，无死亡病例);新增疑似病例17例，现有疑似病例102例。截至目前，追踪到密切接触者12319人，已解除医学观察7139人，诊断为疑似或确诊205例，尚有5066人正在接受医学观察。,http://wsjkw.shandong.gov.cn/wzxxgk/zwgg/202002/t20200208_2517335.html,,,,2020/2/9 15:00,手动,莫纯谊,是,2020/2/8 15:00,手动,莫纯谊,核查通过,,,,,,,
94,区县级,2020/2/8,2020/2/9,中国,山东省,威海市,文登区,,,,,6,,,,,,山东卫健委,2020/2/9 14:00,2020年2月8日0-12时，山东省报告新型冠状病毒感染的肺炎新增确诊病例9例，累计确诊病例416例(含重症病例25例，危重症病例7例，出院42例，无死亡病例);新增疑似病例17例，现有疑似病例102例。截至目前，追踪到密切接触者12319人，已解除医学观察7139人，诊断为疑似或确诊205例，尚有5067人正在接受医学观察。,http://wsjkw.shandong.gov.cn/wzxxgk/zwgg/202002/t20200208_2517336.html,,,,2020/2/9 15:00,手动,莫纯谊,是,2020/2/8 15:00,手动,莫纯谊,核查通过,,,,,,,
95,区县级,2020/2/8,2020/2/9,中国,山东省,威海市,荣成市,,,,,1,,,,,,山东卫健委,2020/2/9 14:00,2020年2月8日0-12时，山东省报告新型冠状病毒感染的肺炎新增确诊病例9例，累计确诊病例416例(含重症病例25例，危重症病例7例，出院42例，无死亡病例);新增疑似病例17例，现有疑似病例102例。截至目前，追踪到密切接触者12319人，已解除医学观察7139人，诊断为疑似或确诊205例，尚有5068人正在接受医学观察。,http://wsjkw.shandong.gov.cn/wzxxgk/zwgg/202002/t20200208_2517337.html,,,,2020/2/9 15:00,手动,莫纯谊,是,2020/2/8 15:00,手动,莫纯谊,核查通过,,,,,,,
96,区县级,2020/2/8,2020/2/9,中国,山东省,威海市,乳山市,,,,,7,,,,,,山东卫健委,2020/2/9 14:00,2020年2月8日0-12时，山东省报告新型冠状病毒感染的肺炎新增确诊病例9例，累计确诊病例416例(含重症病例25例，危重症病例7例，出院42例，无死亡病例);新增疑似病例17例，现有疑似病例102例。截至目前，追踪到密切接触者12319人，已解除医学观察7139人，诊断为疑似或确诊205例，尚有5069人正在接受医学观察。,http://wsjkw.shandong.gov.cn/wzxxgk/zwgg/202002/t20200208_2517338.html,,,,2020/2/9 15:00,手动,莫纯谊,是,2020/2/8 15:00,手动,莫纯谊,核查通过,,,,,,,
97,城市级,2020/2/8,2020/2/9,中国,山东省,威海市,,2,,,,34,,8,,,,山东卫健委,2020/2/9 14:00,2020年2月8日0-12时，山东省报告新型冠状病毒感染的肺炎新增确诊病例9例，累计确诊病例416例(含重症病例25例，危重症病例7例，出院42例，无死亡病例);新增疑似病例17例，现有疑似病例102例。截至目前，追踪到密切接触者12319人，已解除医学观察7139人，诊断为疑似或确诊205例，尚有5070人正在接受医学观察。,http://wsjkw.shandong.gov.cn/wzxxgk/zwgg/202002/t20200208_2517339.html,,,,2020/2/9 15:00,手动,莫纯谊,是,2020/2/8 15:00,手动,莫纯谊,核查通过,,,,,,,
98,区县级,2020/2/8,2020/2/9,中国,山东省,日照市,东港区,,,,,11,,,,,,山东卫健委,2020/2/9 14:00,2020年2月8日0-12时，山东省报告新型冠状病毒感染的肺炎新增确诊病例9例，累计确诊病例416例(含重症病例25例，危重症病例7例，出院42例，无死亡病例);新增疑似病例17例，现有疑似病例102例。截至目前，追踪到密切接触者12319人，已解除医学观察7139人，诊断为疑似或确诊205例，尚有5071人正在接受医学观察。,http://wsjkw.shandong.gov.cn/wzxxgk/zwgg/202002/t20200208_2517340.html,,,,2020/2/9 15:00,手动,莫纯谊,是,2020/2/8 15:00,手动,莫纯谊,核查通过,,,,,,,
99,区县级,2020/2/8,2020/2/9,中国,山东省,日照市,岚山区,,,,,2,,,,,,山东卫健委,2020/2/9 14:00,2020年2月8日0-12时，山东省报告新型冠状病毒感染的肺炎新增确诊病例9例，累计确诊病例416例(含重症病例25例，危重症病例7例，出院42例，无死亡病例);新增疑似病例17例，现有疑似病例102例。截至目前，追踪到密切接触者12319人，已解除医学观察7139人，诊断为疑似或确诊205例，尚有5072人正在接受医学观察。,http://wsjkw.shandong.gov.cn/wzxxgk/zwgg/202002/t20200208_2517341.html,,,,2020/2/9 15:00,手动,莫纯谊,是,2020/2/8 15:00,手动,莫纯谊,核查通过,,,,,,,
100,区县级,2020/2/8,2020/2/9,中国,山东省,日照市,五莲县,,,,,2,,,,,,山东卫健委,2020/2/9 14:00,2020年2月8日0-12时，山东省报告新型冠状病毒感染的肺炎新增确诊病例9例，累计确诊病例416例(含重症病例25例，危重症病例7例，出院42例，无死亡病例);新增疑似病例17例，现有疑似病例102例。截至目前，追踪到密切接触者12319人，已解除医学观察7139人，诊断为疑似或确诊205例，尚有5073人正在接受医学观察。,http://wsjkw.shandong.gov.cn/wzxxgk/zwgg/202002/t20200208_2517342.html,,,,2020/2/9 15:00,手动,莫纯谊,是,2020/2/8 15:00,手动,莫纯谊,核查通过,,,,,,,
101,区县级,2020/2/8,2020/2/9,中国,山东省,日照市,莒县,,,,,,,,,,,山东卫健委,2020/2/9 14:00,2020年2月8日0-12时，山东省报告新型冠状病毒感染的肺炎新增确诊病例9例，累计确诊病例416例(含重症病例25例，危重症病例7例，出院42例，无死亡病例);新增疑似病例17例，现有疑似病例102例。截至目前，追踪到密切接触者12319人，已解除医学观察7139人，诊断为疑似或确诊205例，尚有5074人正在接受医学观察。,http://wsjkw.shandong.gov.cn/wzxxgk/zwgg/202002/t20200208_2517343.html,,,,2020/2/9 15:00,手动,莫纯谊,是,2020/2/8 15:00,手动,莫纯谊,核查通过,,,,,,,
102,城市级,2020/2/8,2020/2/9,中国,山东省,日照市,,1,,,,15,,2,,,,山东卫健委,2020/2/9 14:00,2020年2月8日0-12时，山东省报告新型冠状病毒感染的肺炎新增确诊病例9例，累计确诊病例416例(含重症病例25例，危重症病例7例，出院42例，无死亡病例);新增疑似病例17例，现有疑似病例102例。截至目前，追踪到密切接触者12319人，已解除医学观察7139人，诊断为疑似或确诊205例，尚有5075人正在接受医学观察。,http://wsjkw.shandong.gov.cn/wzxxgk/zwgg/202002/t20200208_2517344.html,,,,2020/2/9 15:00,手动,莫纯谊,是,2020/2/8 15:00,手动,莫纯谊,核查通过,,,,,,,
103,区县级,2020/2/8,2020/2/9,中国,山东省,临沂市,兰山区,,,,,9,,,,,,山东卫健委,2020/2/9 14:00,2020年2月8日0-12时，山东省报告新型冠状病毒感染的肺炎新增确诊病例9例，累计确诊病例416例(含重症病例25例，危重症病例7例，出院42例，无死亡病例);新增疑似病例17例，现有疑似病例102例。截至目前，追踪到密切接触者12319人，已解除医学观察7139人，诊断为疑似或确诊205例，尚有5076人正在接受医学观察。,http://wsjkw.shandong.gov.cn/wzxxgk/zwgg/202002/t20200208_2517345.html,,,,2020/2/9 15:00,手动,莫纯谊,是,2020/2/8 15:00,手动,莫纯谊,核查通过,,,,,,,
104,区县级,2020/2/8,2020/2/9,中国,山东省,临沂市,罗庄区,,,,,,,,,,,山东卫健委,2020/2/9 14:00,2020年2月8日0-12时，山东省报告新型冠状病毒感染的肺炎新增确诊病例9例，累计确诊病例416例(含重症病例25例，危重症病例7例，出院42例，无死亡病例);新增疑似病例17例，现有疑似病例102例。截至目前，追踪到密切接触者12319人，已解除医学观察7139人，诊断为疑似或确诊205例，尚有5077人正在接受医学观察。,http://wsjkw.shandong.gov.cn/wzxxgk/zwgg/202002/t20200208_2517346.html,,,,2020/2/9 15:00,手动,莫纯谊,是,2020/2/8 15:00,手动,莫纯谊,核查通过,,,,,,,
105,区县级,2020/2/8,2020/2/9,中国,山东省,临沂市,河东区,,,,,10,,,,,,山东卫健委,2020/2/9 14:00,2020年2月8日0-12时，山东省报告新型冠状病毒感染的肺炎新增确诊病例9例，累计确诊病例416例(含重症病例25例，危重症病例7例，出院42例，无死亡病例);新增疑似病例17例，现有疑似病例102例。截至目前，追踪到密切接触者12319人，已解除医学观察7139人，诊断为疑似或确诊205例，尚有5078人正在接受医学观察。,http://wsjkw.shandong.gov.cn/wzxxgk/zwgg/202002/t20200208_2517347.html,,,,2020/2/9 15:00,手动,莫纯谊,是,2020/2/8 15:00,手动,莫纯谊,核查通过,,,,,,,
106,区县级,2020/2/8,2020/2/9,中国,山东省,临沂市,沂南县,,,,,4,,,,,,山东卫健委,2020/2/9 14:00,2020年2月8日0-12时，山东省报告新型冠状病毒感染的肺炎新增确诊病例9例，累计确诊病例416例(含重症病例25例，危重症病例7例，出院42例，无死亡病例);新增疑似病例17例，现有疑似病例102例。截至目前，追踪到密切接触者12319人，已解除医学观察7139人，诊断为疑似或确诊205例，尚有5079人正在接受医学观察。,http://wsjkw.shandong.gov.cn/wzxxgk/zwgg/202002/t20200208_2517348.html,,,,2020/2/9 15:00,手动,莫纯谊,是,2020/2/8 15:00,手动,莫纯谊,核查通过,,,,,,,
107,区县级,2020/2/8,2020/2/9,中国,山东省,临沂市,郯城县,,,,,2,,,,,,山东卫健委,2020/2/9 14:00,2020年2月8日0-12时，山东省报告新型冠状病毒感染的肺炎新增确诊病例9例，累计确诊病例416例(含重症病例25例，危重症病例7例，出院42例，无死亡病例);新增疑似病例17例，现有疑似病例102例。截至目前，追踪到密切接触者12319人，已解除医学观察7139人，诊断为疑似或确诊205例，尚有5080人正在接受医学观察。,http://wsjkw.shandong.gov.cn/wzxxgk/zwgg/202002/t20200208_2517349.html,,,,2020/2/9 15:00,手动,莫纯谊,是,2020/2/8 15:00,手动,莫纯谊,核查通过,,,,,,,
108,区县级,2020/2/8,2020/2/9,中国,山东省,临沂市,沂水县,,,,,3,,,,,,山东卫健委,2020/2/9 14:00,2020年2月8日0-12时，山东省报告新型冠状病毒感染的肺炎新增确诊病例9例，累计确诊病例416例(含重症病例25例，危重症病例7例，出院42例，无死亡病例);新增疑似病例17例，现有疑似病例102例。截至目前，追踪到密切接触者12319人，已解除医学观察7139人，诊断为疑似或确诊205例，尚有5081人正在接受医学观察。,http://wsjkw.shandong.gov.cn/wzxxgk/zwgg/202002/t20200208_2517350.html,,,,2020/2/9 15:00,手动,莫纯谊,是,2020/2/8 15:00,手动,莫纯谊,核查通过,,,,,,,
109,区县级,2020/2/8,2020/2/9,中国,山东省,临沂市,兰陵县,,,,,1,,,,,,山东卫健委,2020/2/9 14:00,2020年2月8日0-12时，山东省报告新型冠状病毒感染的肺炎新增确诊病例9例，累计确诊病例416例(含重症病例25例，危重症病例7例，出院42例，无死亡病例);新增疑似病例17例，现有疑似病例102例。截至目前，追踪到密切接触者12319人，已解除医学观察7139人，诊断为疑似或确诊205例，尚有5082人正在接受医学观察。,http://wsjkw.shandong.gov.cn/wzxxgk/zwgg/202002/t20200208_2517351.html,,,,2020/2/9 15:00,手动,莫纯谊,是,2020/2/8 15:00,手动,莫纯谊,核查通过,,,,,,,
110,区县级,2020/2/8,2020/2/9,中国,山东省,临沂市,费县,,,,,3,,,,,,山东卫健委,2020/2/9 14:00,2020年2月8日0-12时，山东省报告新型冠状病毒感染的肺炎新增确诊病例9例，累计确诊病例416例(含重症病例25例，危重症病例7例，出院42例，无死亡病例);新增疑似病例17例，现有疑似病例102例。截至目前，追踪到密切接触者12319人，已解除医学观察7139人，诊断为疑似或确诊205例，尚有5083人正在接受医学观察。,http://wsjkw.shandong.gov.cn/wzxxgk/zwgg/202002/t20200208_2517352.html,,,,2020/2/9 15:00,手动,莫纯谊,是,2020/2/8 15:00,手动,莫纯谊,核查通过,,,,,,,
111,区县级,2020/2/8,2020/2/9,中国,山东省,临沂市,平邑县,,,,,2,,,,,,山东卫健委,2020/2/9 14:00,2020年2月8日0-12时，山东省报告新型冠状病毒感染的肺炎新增确诊病例9例，累计确诊病例416例(含重症病例25例，危重症病例7例，出院42例，无死亡病例);新增疑似病例17例，现有疑似病例102例。截至目前，追踪到密切接触者12319人，已解除医学观察7139人，诊断为疑似或确诊205例，尚有5084人正在接受医学观察。,http://wsjkw.shandong.gov.cn/wzxxgk/zwgg/202002/t20200208_2517353.html,,,,2020/2/9 15:00,手动,莫纯谊,是,2020/2/8 15:00,手动,莫纯谊,核查通过,,,,,,,
112,区县级,2020/2/8,2020/2/9,中国,山东省,临沂市,莒南县,,,,,4,,,,,,山东卫健委,2020/2/9 14:00,2020年2月8日0-12时，山东省报告新型冠状病毒感染的肺炎新增确诊病例9例，累计确诊病例416例(含重症病例25例，危重症病例7例，出院42例，无死亡病例);新增疑似病例17例，现有疑似病例102例。截至目前，追踪到密切接触者12319人，已解除医学观察7139人，诊断为疑似或确诊205例，尚有5085人正在接受医学观察。,http://wsjkw.shandong.gov.cn/wzxxgk/zwgg/202002/t20200208_2517354.html,,,,2020/2/9 15:00,手动,莫纯谊,是,2020/2/8 15:00,手动,莫纯谊,核查通过,,,,,,,
113,区县级,2020/2/8,2020/2/9,中国,山东省,临沂市,蒙阴县,,,,,,,,,,,山东卫健委,2020/2/9 14:00,2020年2月8日0-12时，山东省报告新型冠状病毒感染的肺炎新增确诊病例9例，累计确诊病例416例(含重症病例25例，危重症病例7例，出院42例，无死亡病例);新增疑似病例17例，现有疑似病例102例。截至目前，追踪到密切接触者12319人，已解除医学观察7139人，诊断为疑似或确诊205例，尚有5086人正在接受医学观察。,http://wsjkw.shandong.gov.cn/wzxxgk/zwgg/202002/t20200208_2517355.html,,,,2020/2/9 15:00,手动,莫纯谊,是,2020/2/8 15:00,手动,莫纯谊,核查通过,,,,,,,
114,区县级,2020/2/8,2020/2/9,中国,山东省,临沂市,临沭县,,,,,2,,,,,,山东卫健委,2020/2/9 14:00,2020年2月8日0-12时，山东省报告新型冠状病毒感染的肺炎新增确诊病例9例，累计确诊病例416例(含重症病例25例，危重症病例7例，出院42例，无死亡病例);新增疑似病例17例，现有疑似病例102例。截至目前，追踪到密切接触者12319人，已解除医学观察7139人，诊断为疑似或确诊205例，尚有5087人正在接受医学观察。,http://wsjkw.shandong.gov.cn/wzxxgk/zwgg/202002/t20200208_2517356.html,,,,2020/2/9 15:00,手动,莫纯谊,是,2020/2/8 15:00,手动,莫纯谊,核查通过,,,,,,,
115,城市级,2020/2/8,2020/2/9,中国,山东省,临沂市,,2,,,,40,5,4,,,,山东卫健委,2020/2/9 14:00,2020年2月8日0-12时，山东省报告新型冠状病毒感染的肺炎新增确诊病例9例，累计确诊病例416例(含重症病例25例，危重症病例7例，出院42例，无死亡病例);新增疑似病例17例，现有疑似病例102例。截至目前，追踪到密切接触者12319人，已解除医学观察7139人，诊断为疑似或确诊205例，尚有5088人正在接受医学观察。,http://wsjkw.shandong.gov.cn/wzxxgk/zwgg/202002/t20200208_2517357.html,,,,2020/2/9 15:00,手动,莫纯谊,是,2020/2/8 15:00,手动,莫纯谊,核查通过,,,,,,,
116,区县级,2020/2/8,2020/2/9,中国,山东省,德州市,德城区,,,,,9,,,,,,山东卫健委,2020/2/9 14:00,2020年2月8日0-12时，山东省报告新型冠状病毒感染的肺炎新增确诊病例9例，累计确诊病例416例(含重症病例25例，危重症病例7例，出院42例，无死亡病例);新增疑似病例17例，现有疑似病例102例。截至目前，追踪到密切接触者12319人，已解除医学观察7139人，诊断为疑似或确诊205例，尚有5089人正在接受医学观察。,http://wsjkw.shandong.gov.cn/wzxxgk/zwgg/202002/t20200208_2517358.html,,,,2020/2/9 15:00,手动,莫纯谊,是,2020/2/8 15:00,手动,莫纯谊,核查通过,,,,,,,
117,区县级,2020/2/8,2020/2/9,中国,山东省,德州市,陵城区,,,,,,,,,,,山东卫健委,2020/2/9 14:00,2020年2月8日0-12时，山东省报告新型冠状病毒感染的肺炎新增确诊病例9例，累计确诊病例416例(含重症病例25例，危重症病例7例，出院42例，无死亡病例);新增疑似病例17例，现有疑似病例102例。截至目前，追踪到密切接触者12319人，已解除医学观察7139人，诊断为疑似或确诊205例，尚有5090人正在接受医学观察。,http://wsjkw.shandong.gov.cn/wzxxgk/zwgg/202002/t20200208_2517359.html,,,,2020/2/9 15:00,手动,莫纯谊,是,2020/2/8 15:00,手动,莫纯谊,核查通过,,,,,,,
118,区县级,2020/2/8,2020/2/9,中国,山东省,德州市,宁津县,,,,,3,,,,,,山东卫健委,2020/2/9 14:00,2020年2月8日0-12时，山东省报告新型冠状病毒感染的肺炎新增确诊病例9例，累计确诊病例416例(含重症病例25例，危重症病例7例，出院42例，无死亡病例);新增疑似病例17例，现有疑似病例102例。截至目前，追踪到密切接触者12319人，已解除医学观察7139人，诊断为疑似或确诊205例，尚有5091人正在接受医学观察。,http://wsjkw.shandong.gov.cn/wzxxgk/zwgg/202002/t20200208_2517360.html,,,,2020/2/9 15:00,手动,莫纯谊,是,2020/2/8 15:00,手动,莫纯谊,核查通过,,,,,,,
119,区县级,2020/2/8,2020/2/9,中国,山东省,德州市,庆云县,,,,,2,,,,,,山东卫健委,2020/2/9 14:00,2020年2月8日0-12时，山东省报告新型冠状病毒感染的肺炎新增确诊病例9例，累计确诊病例416例(含重症病例25例，危重症病例7例，出院42例，无死亡病例);新增疑似病例17例，现有疑似病例102例。截至目前，追踪到密切接触者12319人，已解除医学观察7139人，诊断为疑似或确诊205例，尚有5092人正在接受医学观察。,http://wsjkw.shandong.gov.cn/wzxxgk/zwgg/202002/t20200208_2517361.html,,,,2020/2/9 15:00,手动,莫纯谊,是,2020/2/8 15:00,手动,莫纯谊,核查通过,,,,,,,
120,区县级,2020/2/8,2020/2/9,中国,山东省,德州市,临邑县,,,,,,,,,,,山东卫健委,2020/2/9 14:00,2020年2月8日0-12时，山东省报告新型冠状病毒感染的肺炎新增确诊病例9例，累计确诊病例416例(含重症病例25例，危重症病例7例，出院42例，无死亡病例);新增疑似病例17例，现有疑似病例102例。截至目前，追踪到密切接触者12319人，已解除医学观察7139人，诊断为疑似或确诊205例，尚有5093人正在接受医学观察。,http://wsjkw.shandong.gov.cn/wzxxgk/zwgg/202002/t20200208_2517362.html,,,,2020/2/9 15:00,手动,莫纯谊,是,2020/2/8 15:00,手动,莫纯谊,核查通过,,,,,,,
121,区县级,2020/2/8,2020/2/9,中国,山东省,德州市,齐河县,,,,,,,,,,,山东卫健委,2020/2/9 14:00,2020年2月8日0-12时，山东省报告新型冠状病毒感染的肺炎新增确诊病例9例，累计确诊病例416例(含重症病例25例，危重症病例7例，出院42例，无死亡病例);新增疑似病例17例，现有疑似病例102例。截至目前，追踪到密切接触者12319人，已解除医学观察7139人，诊断为疑似或确诊205例，尚有5094人正在接受医学观察。,http://wsjkw.shandong.gov.cn/wzxxgk/zwgg/202002/t20200208_2517363.html,,,,2020/2/9 15:00,手动,莫纯谊,是,2020/2/8 15:00,手动,莫纯谊,核查通过,,,,,,,
122,区县级,2020/2/8,2020/2/9,中国,山东省,德州市,平原县,,,,,,,,,,,山东卫健委,2020/2/9 14:00,2020年2月8日0-12时，山东省报告新型冠状病毒感染的肺炎新增确诊病例9例，累计确诊病例416例(含重症病例25例，危重症病例7例，出院42例，无死亡病例);新增疑似病例17例，现有疑似病例102例。截至目前，追踪到密切接触者12319人，已解除医学观察7139人，诊断为疑似或确诊205例，尚有5095人正在接受医学观察。,http://wsjkw.shandong.gov.cn/wzxxgk/zwgg/202002/t20200208_2517364.html,,,,2020/2/9 15:00,手动,莫纯谊,是,2020/2/8 15:00,手动,莫纯谊,核查通过,,,,,,,
123,区县级,2020/2/8,2020/2/9,中国,山东省,德州市,夏津县,,,,,,,,,,,山东卫健委,2020/2/9 14:00,2020年2月8日0-12时，山东省报告新型冠状病毒感染的肺炎新增确诊病例9例，累计确诊病例416例(含重症病例25例，危重症病例7例，出院42例，无死亡病例);新增疑似病例17例，现有疑似病例102例。截至目前，追踪到密切接触者12319人，已解除医学观察7139人，诊断为疑似或确诊205例，尚有5096人正在接受医学观察。,http://wsjkw.shandong.gov.cn/wzxxgk/zwgg/202002/t20200208_2517365.html,,,,2020/2/9 15:00,手动,莫纯谊,是,2020/2/8 15:00,手动,莫纯谊,核查通过,,,,,,,
124,区县级,2020/2/8,2020/2/9,中国,山东省,德州市,武城县,,,,,7,,,,,,山东卫健委,2020/2/9 14:00,2020年2月8日0-12时，山东省报告新型冠状病毒感染的肺炎新增确诊病例9例，累计确诊病例416例(含重症病例25例，危重症病例7例，出院42例，无死亡病例);新增疑似病例17例，现有疑似病例102例。截至目前，追踪到密切接触者12319人，已解除医学观察7139人，诊断为疑似或确诊205例，尚有5097人正在接受医学观察。,http://wsjkw.shandong.gov.cn/wzxxgk/zwgg/202002/t20200208_2517366.html,,,,2020/2/9 15:00,手动,莫纯谊,是,2020/2/8 15:00,手动,莫纯谊,核查通过,,,,,,,
125,区县级,2020/2/8,2020/2/9,中国,山东省,德州市,乐陵市,,,,,6,,,,,,山东卫健委,2020/2/9 14:00,2020年2月8日0-12时，山东省报告新型冠状病毒感染的肺炎新增确诊病例9例，累计确诊病例416例(含重症病例25例，危重症病例7例，出院42例，无死亡病例);新增疑似病例17例，现有疑似病例102例。截至目前，追踪到密切接触者12319人，已解除医学观察7139人，诊断为疑似或确诊205例，尚有5098人正在接受医学观察。,http://wsjkw.shandong.gov.cn/wzxxgk/zwgg/202002/t20200208_2517367.html,,,,2020/2/9 15:00,手动,莫纯谊,是,2020/2/8 15:00,手动,莫纯谊,核查通过,,,,,,,
126,区县级,2020/2/8,2020/2/9,中国,山东省,德州市,禹城市,,,,,3,,,,,,山东卫健委,2020/2/9 14:00,2020年2月8日0-12时，山东省报告新型冠状病毒感染的肺炎新增确诊病例9例，累计确诊病例416例(含重症病例25例，危重症病例7例，出院42例，无死亡病例);新增疑似病例17例，现有疑似病例102例。截至目前，追踪到密切接触者12319人，已解除医学观察7139人，诊断为疑似或确诊205例，尚有5099人正在接受医学观察。,http://wsjkw.shandong.gov.cn/wzxxgk/zwgg/202002/t20200208_2517368.html,,,,2020/2/9 15:00,手动,莫纯谊,是,2020/2/8 15:00,手动,莫纯谊,核查通过,,,,,,,
127,城市级,2020/2/8,2020/2/9,中国,山东省,德州市,,2,6,,,30,10,4,,,,山东卫健委,2020/2/9 14:00,2020年2月8日0-12时，山东省报告新型冠状病毒感染的肺炎新增确诊病例9例，累计确诊病例416例(含重症病例25例，危重症病例7例，出院42例，无死亡病例);新增疑似病例17例，现有疑似病例102例。截至目前，追踪到密切接触者12319人，已解除医学观察7139人，诊断为疑似或确诊205例，尚有5100人正在接受医学观察。,http://wsjkw.shandong.gov.cn/wzxxgk/zwgg/202002/t20200208_2517369.html,,,,2020/2/9 15:00,手动,莫纯谊,是,2020/2/8 15:00,手动,莫纯谊,核查通过,,,,,,,
128,区县级,2020/2/8,2020/2/9,中国,山东省,聊城市,东昌府区,,,,,26,,,,,,山东卫健委,2020/2/9 14:00,2020年2月8日0-12时，山东省报告新型冠状病毒感染的肺炎新增确诊病例9例，累计确诊病例416例(含重症病例25例，危重症病例7例，出院42例，无死亡病例);新增疑似病例17例，现有疑似病例102例。截至目前，追踪到密切接触者12319人，已解除医学观察7139人，诊断为疑似或确诊205例，尚有5101人正在接受医学观察。,http://wsjkw.shandong.gov.cn/wzxxgk/zwgg/202002/t20200208_2517370.html,,,,2020/2/9 15:00,手动,莫纯谊,是,2020/2/8 15:00,手动,莫纯谊,核查通过,,,,,,,
129,区县级,2020/2/8,2020/2/9,中国,山东省,聊城市,阳谷县,,,,,,,,,,,山东卫健委,2020/2/9 14:00,2020年2月8日0-12时，山东省报告新型冠状病毒感染的肺炎新增确诊病例9例，累计确诊病例416例(含重症病例25例，危重症病例7例，出院42例，无死亡病例);新增疑似病例17例，现有疑似病例102例。截至目前，追踪到密切接触者12319人，已解除医学观察7139人，诊断为疑似或确诊205例，尚有5102人正在接受医学观察。,http://wsjkw.shandong.gov.cn/wzxxgk/zwgg/202002/t20200208_2517371.html,,,,2020/2/9 15:00,手动,莫纯谊,是,2020/2/8 15:00,手动,莫纯谊,核查通过,,,,,,,
130,区县级,2020/2/8,2020/2/9,中国,山东省,聊城市,莘县,,,,,3,,,,,,山东卫健委,2020/2/9 14:00,2020年2月8日0-12时，山东省报告新型冠状病毒感染的肺炎新增确诊病例9例，累计确诊病例416例(含重症病例25例，危重症病例7例，出院42例，无死亡病例);新增疑似病例17例，现有疑似病例102例。截至目前，追踪到密切接触者12319人，已解除医学观察7139人，诊断为疑似或确诊205例，尚有5103人正在接受医学观察。,http://wsjkw.shandong.gov.cn/wzxxgk/zwgg/202002/t20200208_2517372.html,,,,2020/2/9 15:00,手动,莫纯谊,是,2020/2/8 15:00,手动,莫纯谊,核查通过,,,,,,,
131,区县级,2020/2/8,2020/2/9,中国,山东省,聊城市,茌平县,,,,,,,,,,,山东卫健委,2020/2/9 14:00,2020年2月8日0-12时，山东省报告新型冠状病毒感染的肺炎新增确诊病例9例，累计确诊病例416例(含重症病例25例，危重症病例7例，出院42例，无死亡病例);新增疑似病例17例，现有疑似病例102例。截至目前，追踪到密切接触者12319人，已解除医学观察7139人，诊断为疑似或确诊205例，尚有5104人正在接受医学观察。,http://wsjkw.shandong.gov.cn/wzxxgk/zwgg/202002/t20200208_2517373.html,,,,2020/2/9 15:00,手动,莫纯谊,是,2020/2/8 15:00,手动,莫纯谊,核查通过,,,,,,,
132,区县级,2020/2/8,2020/2/9,中国,山东省,聊城市,东阿县,,,,,2,,,,,,山东卫健委,2020/2/9 14:00,2020年2月8日0-12时，山东省报告新型冠状病毒感染的肺炎新增确诊病例9例，累计确诊病例416例(含重症病例25例，危重症病例7例，出院42例，无死亡病例);新增疑似病例17例，现有疑似病例102例。截至目前，追踪到密切接触者12319人，已解除医学观察7139人，诊断为疑似或确诊205例，尚有5105人正在接受医学观察。,http://wsjkw.shandong.gov.cn/wzxxgk/zwgg/202002/t20200208_2517374.html,,,,2020/2/9 15:00,手动,莫纯谊,是,2020/2/8 15:00,手动,莫纯谊,核查通过,,,,,,,
133,区县级,2020/2/8,2020/2/9,中国,山东省,聊城市,冠县,,,,,1,,,,,,山东卫健委,2020/2/9 14:00,2020年2月8日0-12时，山东省报告新型冠状病毒感染的肺炎新增确诊病例9例，累计确诊病例416例(含重症病例25例，危重症病例7例，出院42例，无死亡病例);新增疑似病例17例，现有疑似病例102例。截至目前，追踪到密切接触者12319人，已解除医学观察7139人，诊断为疑似或确诊205例，尚有5106人正在接受医学观察。,http://wsjkw.shandong.gov.cn/wzxxgk/zwgg/202002/t20200208_2517375.html,,,,2020/2/9 15:00,手动,莫纯谊,是,2020/2/8 15:00,手动,莫纯谊,核查通过,,,,,,,
134,区县级,2020/2/8,2020/2/9,中国,山东省,聊城市,高唐县,,,,,,,,,,,山东卫健委,2020/2/9 14:00,2020年2月8日0-12时，山东省报告新型冠状病毒感染的肺炎新增确诊病例9例，累计确诊病例416例(含重症病例25例，危重症病例7例，出院42例，无死亡病例);新增疑似病例17例，现有疑似病例102例。截至目前，追踪到密切接触者12319人，已解除医学观察7139人，诊断为疑似或确诊205例，尚有5107人正在接受医学观察。,http://wsjkw.shandong.gov.cn/wzxxgk/zwgg/202002/t20200208_2517376.html,,,,2020/2/9 15:00,手动,莫纯谊,是,2020/2/8 15:00,手动,莫纯谊,核查通过,,,,,,,
135,区县级,2020/2/8,2020/2/9,中国,山东省,聊城市,临清市,,,,,1,,,,,,山东卫健委,2020/2/9 14:00,2020年2月8日0-12时，山东省报告新型冠状病毒感染的肺炎新增确诊病例9例，累计确诊病例416例(含重症病例25例，危重症病例7例，出院42例，无死亡病例);新增疑似病例17例，现有疑似病例102例。截至目前，追踪到密切接触者12319人，已解除医学观察7139人，诊断为疑似或确诊205例，尚有5108人正在接受医学观察。,http://wsjkw.shandong.gov.cn/wzxxgk/zwgg/202002/t20200208_2517377.html,,,,2020/2/9 15:00,手动,莫纯谊,是,2020/2/8 15:00,手动,莫纯谊,核查通过,,,,,,,
136,城市级,2020/2/8,2020/2/9,中国,山东省,聊城市,,6,1,,,33,3,2,,,,山东卫健委,2020/2/9 14:00,2020年2月8日0-12时，山东省报告新型冠状病毒感染的肺炎新增确诊病例9例，累计确诊病例416例(含重症病例25例，危重症病例7例，出院42例，无死亡病例);新增疑似病例17例，现有疑似病例102例。截至目前，追踪到密切接触者12319人，已解除医学观察7139人，诊断为疑似或确诊205例，尚有5109人正在接受医学观察。,http://wsjkw.shandong.gov.cn/wzxxgk/zwgg/202002/t20200208_2517378.html,,,,2020/2/9 15:00,手动,莫纯谊,是,2020/2/8 15:00,手动,莫纯谊,核查通过,,,,,,,
137,区县级,2020/2/8,2020/2/9,中国,山东省,滨州市,滨城区,,,,,1,,,,,,山东卫健委,2020/2/9 14:00,2020年2月8日0-12时，山东省报告新型冠状病毒感染的肺炎新增确诊病例9例，累计确诊病例416例(含重症病例25例，危重症病例7例，出院42例，无死亡病例);新增疑似病例17例，现有疑似病例102例。截至目前，追踪到密切接触者12319人，已解除医学观察7139人，诊断为疑似或确诊205例，尚有5110人正在接受医学观察。,http://wsjkw.shandong.gov.cn/wzxxgk/zwgg/202002/t20200208_2517379.html,,,,2020/2/9 15:00,手动,莫纯谊,是,2020/2/8 15:00,手动,莫纯谊,核查通过,,,,,,,
138,区县级,2020/2/8,2020/2/9,中国,山东省,滨州市,沾化区,,,,,,,,,,,山东卫健委,2020/2/9 14:00,2020年2月8日0-12时，山东省报告新型冠状病毒感染的肺炎新增确诊病例9例，累计确诊病例416例(含重症病例25例，危重症病例7例，出院42例，无死亡病例);新增疑似病例17例，现有疑似病例102例。截至目前，追踪到密切接触者12319人，已解除医学观察7139人，诊断为疑似或确诊205例，尚有5111人正在接受医学观察。,http://wsjkw.shandong.gov.cn/wzxxgk/zwgg/202002/t20200208_2517380.html,,,,2020/2/9 15:00,手动,莫纯谊,是,2020/2/8 15:00,手动,莫纯谊,核查通过,,,,,,,
139,区县级,2020/2/8,2020/2/9,中国,山东省,滨州市,惠民县,,,,,3,,,,,,山东卫健委,2020/2/9 14:00,2020年2月8日0-12时，山东省报告新型冠状病毒感染的肺炎新增确诊病例9例，累计确诊病例416例(含重症病例25例，危重症病例7例，出院42例，无死亡病例);新增疑似病例17例，现有疑似病例102例。截至目前，追踪到密切接触者12319人，已解除医学观察7139人，诊断为疑似或确诊205例，尚有5112人正在接受医学观察。,http://wsjkw.shandong.gov.cn/wzxxgk/zwgg/202002/t20200208_2517381.html,,,,2020/2/9 15:00,手动,莫纯谊,是,2020/2/8 15:00,手动,莫纯谊,核查通过,,,,,,,
140,区县级,2020/2/8,2020/2/9,中国,山东省,滨州市,阳信县,,,,,1,,,,,,山东卫健委,2020/2/9 14:00,2020年2月8日0-12时，山东省报告新型冠状病毒感染的肺炎新增确诊病例9例，累计确诊病例416例(含重症病例25例，危重症病例7例，出院42例，无死亡病例);新增疑似病例17例，现有疑似病例102例。截至目前，追踪到密切接触者12319人，已解除医学观察7139人，诊断为疑似或确诊205例，尚有5113人正在接受医学观察。,http://wsjkw.shandong.gov.cn/wzxxgk/zwgg/202002/t20200208_2517382.html,,,,2020/2/9 15:00,手动,莫纯谊,是,2020/2/8 15:00,手动,莫纯谊,核查通过,,,,,,,
141,区县级,2020/2/8,2020/2/9,中国,山东省,滨州市,无棣县,,,,,,,,,,,山东卫健委,2020/2/9 14:00,2020年2月8日0-12时，山东省报告新型冠状病毒感染的肺炎新增确诊病例9例，累计确诊病例416例(含重症病例25例，危重症病例7例，出院42例，无死亡病例);新增疑似病例17例，现有疑似病例102例。截至目前，追踪到密切接触者12319人，已解除医学观察7139人，诊断为疑似或确诊205例，尚有5114人正在接受医学观察。,http://wsjkw.shandong.gov.cn/wzxxgk/zwgg/202002/t20200208_2517383.html,,,,2020/2/9 15:00,手动,莫纯谊,是,2020/2/8 15:00,手动,莫纯谊,核查通过,,,,,,,
142,区县级,2020/2/8,2020/2/9,中国,山东省,滨州市,博兴县,,,,,,,,,,,山东卫健委,2020/2/9 14:00,2020年2月8日0-12时，山东省报告新型冠状病毒感染的肺炎新增确诊病例9例，累计确诊病例416例(含重症病例25例，危重症病例7例，出院42例，无死亡病例);新增疑似病例17例，现有疑似病例102例。截至目前，追踪到密切接触者12319人，已解除医学观察7139人，诊断为疑似或确诊205例，尚有5115人正在接受医学观察。,http://wsjkw.shandong.gov.cn/wzxxgk/zwgg/202002/t20200208_2517384.html,,,,2020/2/9 15:00,手动,莫纯谊,是,2020/2/8 15:00,手动,莫纯谊,核查通过,,,,,,,
143,区县级,2020/2/8,2020/2/9,中国,山东省,滨州市,邹平市,,,,,6,,,,,,山东卫健委,2020/2/9 14:00,2020年2月8日0-12时，山东省报告新型冠状病毒感染的肺炎新增确诊病例9例，累计确诊病例416例(含重症病例25例，危重症病例7例，出院42例，无死亡病例);新增疑似病例17例，现有疑似病例102例。截至目前，追踪到密切接触者12319人，已解除医学观察7139人，诊断为疑似或确诊205例，尚有5116人正在接受医学观察。,http://wsjkw.shandong.gov.cn/wzxxgk/zwgg/202002/t20200208_2517385.html,,,,2020/2/9 15:00,手动,莫纯谊,是,2020/2/8 15:00,手动,莫纯谊,核查通过,,,,,,,
144,城市级,2020/2/8,2020/2/9,中国,山东省,滨州市,,,,,,11,,4,,,,山东卫健委,2020/2/9 14:00,2020年2月8日0-12时，山东省报告新型冠状病毒感染的肺炎新增确诊病例9例，累计确诊病例416例(含重症病例25例，危重症病例7例，出院42例，无死亡病例);新增疑似病例17例，现有疑似病例102例。截至目前，追踪到密切接触者12319人，已解除医学观察7139人，诊断为疑似或确诊205例，尚有5117人正在接受医学观察。,http://wsjkw.shandong.gov.cn/wzxxgk/zwgg/202002/t20200208_2517386.html,,,,2020/2/9 15:00,手动,莫纯谊,是,2020/2/8 15:00,手动,莫纯谊,核查通过,,,,,,,
145,区县级,2020/2/8,2020/2/9,中国,山东省,菏泽市,牡丹区,,,,,5,,,,,,山东卫健委,2020/2/9 14:00,2020年2月8日0-12时，山东省报告新型冠状病毒感染的肺炎新增确诊病例9例，累计确诊病例416例(含重症病例25例，危重症病例7例，出院42例，无死亡病例);新增疑似病例17例，现有疑似病例102例。截至目前，追踪到密切接触者12319人，已解除医学观察7139人，诊断为疑似或确诊205例，尚有5118人正在接受医学观察。,http://wsjkw.shandong.gov.cn/wzxxgk/zwgg/202002/t20200208_2517387.html,,,,2020/2/9 15:00,手动,莫纯谊,是,2020/2/8 15:00,手动,莫纯谊,核查通过,,,,,,,
146,区县级,2020/2/8,2020/2/9,中国,山东省,菏泽市,定陶区,,,,,,,,,,,山东卫健委,2020/2/9 14:00,2020年2月8日0-12时，山东省报告新型冠状病毒感染的肺炎新增确诊病例9例，累计确诊病例416例(含重症病例25例，危重症病例7例，出院42例，无死亡病例);新增疑似病例17例，现有疑似病例102例。截至目前，追踪到密切接触者12319人，已解除医学观察7139人，诊断为疑似或确诊205例，尚有5119人正在接受医学观察。,http://wsjkw.shandong.gov.cn/wzxxgk/zwgg/202002/t20200208_2517388.html,,,,2020/2/9 15:00,手动,莫纯谊,是,2020/2/8 15:00,手动,莫纯谊,核查通过,,,,,,,
147,区县级,2020/2/8,2020/2/9,中国,山东省,菏泽市,曹县,,,,,1,,,,,,山东卫健委,2020/2/9 14:00,2020年2月8日0-12时，山东省报告新型冠状病毒感染的肺炎新增确诊病例9例，累计确诊病例416例(含重症病例25例，危重症病例7例，出院42例，无死亡病例);新增疑似病例17例，现有疑似病例102例。截至目前，追踪到密切接触者12319人，已解除医学观察7139人，诊断为疑似或确诊205例，尚有5120人正在接受医学观察。,http://wsjkw.shandong.gov.cn/wzxxgk/zwgg/202002/t20200208_2517389.html,,,,2020/2/9 15:00,手动,莫纯谊,是,2020/2/8 15:00,手动,莫纯谊,核查通过,,,,,,,
148,区县级,2020/2/8,2020/2/9,中国,山东省,菏泽市,单县,,,,,1,,,,,,山东卫健委,2020/2/9 14:00,2020年2月8日0-12时，山东省报告新型冠状病毒感染的肺炎新增确诊病例9例，累计确诊病例416例(含重症病例25例，危重症病例7例，出院42例，无死亡病例);新增疑似病例17例，现有疑似病例102例。截至目前，追踪到密切接触者12319人，已解除医学观察7139人，诊断为疑似或确诊205例，尚有5121人正在接受医学观察。,http://wsjkw.shandong.gov.cn/wzxxgk/zwgg/202002/t20200208_2517390.html,,,,2020/2/9 15:00,手动,莫纯谊,是,2020/2/8 15:00,手动,莫纯谊,核查通过,,,,,,,
149,区县级,2020/2/8,2020/2/9,中国,山东省,菏泽市,成武县,,,,,1,,,,,,山东卫健委,2020/2/9 14:00,2020年2月8日0-12时，山东省报告新型冠状病毒感染的肺炎新增确诊病例9例，累计确诊病例416例(含重症病例25例，危重症病例7例，出院42例，无死亡病例);新增疑似病例17例，现有疑似病例102例。截至目前，追踪到密切接触者12319人，已解除医学观察7139人，诊断为疑似或确诊205例，尚有5122人正在接受医学观察。,http://wsjkw.shandong.gov.cn/wzxxgk/zwgg/202002/t20200208_2517391.html,,,,2020/2/9 15:00,手动,莫纯谊,是,2020/2/8 15:00,手动,莫纯谊,核查通过,,,,,,,
150,区县级,2020/2/8,2020/2/9,中国,山东省,菏泽市,巨野县,,,,,5,,,,,,山东卫健委,2020/2/9 14:00,2020年2月8日0-12时，山东省报告新型冠状病毒感染的肺炎新增确诊病例9例，累计确诊病例416例(含重症病例25例，危重症病例7例，出院42例，无死亡病例);新增疑似病例17例，现有疑似病例102例。截至目前，追踪到密切接触者12319人，已解除医学观察7139人，诊断为疑似或确诊205例，尚有5123人正在接受医学观察。,http://wsjkw.shandong.gov.cn/wzxxgk/zwgg/202002/t20200208_2517392.html,,,,2020/2/9 15:00,手动,莫纯谊,是,2020/2/8 15:00,手动,莫纯谊,核查通过,,,,,,,
151,区县级,2020/2/8,2020/2/9,中国,山东省,菏泽市,郓城县,,,,,,,,,,,山东卫健委,2020/2/9 14:00,2020年2月8日0-12时，山东省报告新型冠状病毒感染的肺炎新增确诊病例9例，累计确诊病例416例(含重症病例25例，危重症病例7例，出院42例，无死亡病例);新增疑似病例17例，现有疑似病例102例。截至目前，追踪到密切接触者12319人，已解除医学观察7139人，诊断为疑似或确诊205例，尚有5124人正在接受医学观察。,http://wsjkw.shandong.gov.cn/wzxxgk/zwgg/202002/t20200208_2517393.html,,,,2020/2/9 15:00,手动,莫纯谊,是,2020/2/8 15:00,手动,莫纯谊,核查通过,,,,,,,
152,区县级,2020/2/8,2020/2/9,中国,山东省,菏泽市,鄄城县,,,,,,,,,,,山东卫健委,2020/2/9 14:00,2020年2月8日0-12时，山东省报告新型冠状病毒感染的肺炎新增确诊病例9例，累计确诊病例416例(含重症病例25例，危重症病例7例，出院42例，无死亡病例);新增疑似病例17例，现有疑似病例102例。截至目前，追踪到密切接触者12319人，已解除医学观察7139人，诊断为疑似或确诊205例，尚有5125人正在接受医学观察。,http://wsjkw.shandong.gov.cn/wzxxgk/zwgg/202002/t20200208_2517394.html,,,,2020/2/9 15:00,手动,莫纯谊,是,2020/2/8 15:00,手动,莫纯谊,核查通过,,,,,,,
153,区县级,2020/2/8,2020/2/9,中国,山东省,菏泽市,东明县,,,,,1,,,,,,山东卫健委,2020/2/9 14:00,2020年2月8日0-12时，山东省报告新型冠状病毒感染的肺炎新增确诊病例9例，累计确诊病例416例(含重症病例25例，危重症病例7例，出院42例，无死亡病例);新增疑似病例17例，现有疑似病例102例。截至目前，追踪到密切接触者12319人，已解除医学观察7139人，诊断为疑似或确诊205例，尚有5126人正在接受医学观察。,http://wsjkw.shandong.gov.cn/wzxxgk/zwgg/202002/t20200208_2517395.html,,,,2020/2/9 15:00,手动,莫纯谊,是,2020/2/8 15:00,手动,莫纯谊,核查通过,,,,,,,
154,城市级,2020/2/8,2020/2/9,中国,山东省,菏泽市,,,,,,14,,3,,,,山东卫健委,2020/2/9 14:00,2020年2月8日0-12时，山东省报告新型冠状病毒感染的肺炎新增确诊病例9例，累计确诊病例416例(含重症病例25例，危重症病例7例，出院42例，无死亡病例);新增疑似病例17例，现有疑似病例102例。截至目前，追踪到密切接触者12319人，已解除医学观察7139人，诊断为疑似或确诊205例，尚有5127人正在接受医学观察。,http://wsjkw.shandong.gov.cn/wzxxgk/zwgg/202002/t20200208_2517396.html,,,,2020/2/9 15:00,手动,莫纯谊,是,2020/2/8 15:00,手动,莫纯谊,核查通过,,,,,,,
,,,,,,,,,,,,,,,,,,,,,,,,,,,,,,,,,,,,,,,
,,,,,,,,,,,,,,,,,,,,,,,,,,,,,,,,,,,,,,,
,,,,,,,,,,,,,,,,,,,,,,,,,,,,,,,,,,,,,,,
,,,,,,,,,,,,,,,,,,,,,,,,,,,,,,,,,,,,,,,
,,,,,,,,,,,,,,,,,,,,,,,,,,,,,,,,,,,,,,,
,,,,,,,,,,,,,,,,,,,,,,,,,,,,,,,,,,,,,,,
,,,,,,,,,,,,,,,,,,,,,,,,,,,,,,,,,,,,,,,
,,,,,,,,,,,,,,,,,,,,,,,,,,,,,,,,,,,,,,,
,,,,,,,,,,,,,,,,,,,,,,,,,,,,,,,,,,,,,,,
,,,,,,,,,,,,,,,,,,,,,,,,,,,,,,,,,,,,,,,
,,,,,,,,,,,,,,,,,,,,,,,,,,,,,,,,,,,,,,,
,,,,,,,,,,,,,,,,,,,,,,,,,,,,,,,,,,,,,,,
,,,,,,,,,,,,,,,,,,,,,,,,,,,,,,,,,,,,,,,
,,,,,,,,,,,,,,,,,,,,,,,,,,,,,,,,,,,,,,,
,,,,,,,,,,,,,,,,,,,,,,,,,,,,,,,,,,,,,,,
,,,,,,,,,,,,,,,,,,,,,,,,,,,,,,,,,,,,,,,
,,,,,,,,,,,,,,,,,,,,,,,,,,,,,,,,,,,,,,,
,,,,,,,,,,,,,,,,,,,,,,,,,,,,,,,,,,,,,,,
,,,,,,,,,,,,,,,,,,,,,,,,,,,,,,,,,,,,,,,
,,,,,,,,,,,,,,,,,,,,,,,,,,,,,,,,,,,,,,,
,,,,,,,,,,,,,,,,,,,,,,,,,,,,,,,,,,,,,,,
,,,,,,,,,,,,,,,,,,,,,,,,,,,,,,,,,,,,,,,
,,,,,,,,,,,,,,,,,,,,,,,,,,,,,,,,,,,,,,,
,,,,,,,,,,,,,,,,,,,,,,,,,,,,,,,,,,,,,,,
,,,,,,,,,,,,,,,,,,,,,,,,,,,,,,,,,,,,,,,
,,,,,,,,,,,,,,,,,,,,,,,,,,,,,,,,,,,,,,,
,,,,,,,,,,,,,,,,,,,,,,,,,,,,,,,,,,,,,,,
,,,,,,,,,,,,,,,,,,,,,,,,,,,,,,,,,,,,,,,
,,,,,,,,,,,,,,,,,,,,,,,,,,,,,,,,,,,,,,,
,,,,,,,,,,,,,,,,,,,,,,,,,,,,,,,,,,,,,,,
,,,,,,,,,,,,,,,,,,,,,,,,,,,,,,,,,,,,,,,
,,,,,,,,,,,,,,,,,,,,,,,,,,,,,,,,,,,,,,,
,,,,,,,,,,,,,,,,,,,,,,,,,,,,,,,,,,,,,,,
,,,,,,,,,,,,,,,,,,,,,,,,,,,,,,,,,,,,,,,
,,,,,,,,,,,,,,,,,,,,,,,,,,,,,,,,,,,,,,,
,,,,,,,,,,,,,,,,,,,,,,,,,,,,,,,,,,,,,,,
,,,,,,,,,,,,,,,,,,,,,,,,,,,,,,,,,,,,,,,
,,,,,,,,,,,,,,,,,,,,,,,,,,,,,,,,,,,,,,,
,,,,,,,,,,,,,,,,,,,,,,,,,,,,,,,,,,,,,,,
,,,,,,,,,,,,,,,,,,,,,,,,,,,,,,,,,,,,,,,
,,,,,,,,,,,,,,,,,,,,,,,,,,,,,,,,,,,,,,,
,,,,,,,,,,,,,,,,,,,,,,,,,,,,,,,,,,,,,,,
,,,,,,,,,,,,,,,,,,,,,,,,,,,,,,,,,,,,,,,
,,,,,,,,,,,,,,,,,,,,,,,,,,,,,,,,,,,,,,,
,,,,,,,,,,,,,,,,,,,,,,,,,,,,,,,,,,,,,,,
,,,,,,,,,,,,,,,,,,,,,,,,,,,,,,,,,,,,,,,
