公开时间,国家,城市,新增确诊病例,新增治愈出院数,新增死亡数,来源
1月17日,泰国,,2,0,0,http://china.caixin.com/2020-01-17/101506051.html
1月18日,日本,,1,1,0,http://wjw.wuhan.gov.cn/front/web/showDetail/2020011809064
1月20日,上海,,1,0,0,https://m.bjnews.com.cn/detail/157952141515817.html
1月21日,上海,,1,0,0,http://wsjkw.sh.gov.cn/xwfb/20200121/8fa3da87b0014c9db1308c76cbfe835f.html
1月21日,上海,,4,0,0,http://wsjkw.sh.gov.cn/xwfb/20200121/8fa3da87b0014c9db1308c76cbfe835f.html
1月21日,韩国,,1,0,0,http://www.bjnews.com.cn/world/2020/01/21/677380.html
1月21日,台湾,,1,0,0,http://www.bjnews.com.cn/news/2020/01/21/677480.html
1月21日,香港,,0,0,0,http://news.ifeng.com/c/7tQ9Tf57plQ
1月22日,美国,,1,0,0,http://www.xinhuanet.com//2020-01/22/c_1125491626.htm
1月22日,上海,,3,0,0,https://www.thepaper.cn/newsDetail_forward_5597421
1月22日,泰国,,1,0,0,https://news.163.com/20/0122/10/F3G4DE4T0001899O.html
1月22日,泰国,,0,1,0,http://news.sina.com.cn/o/2020-01-22/doc-iihnzhha4102917.shtml
1月22日,泰国,,0,1,0,http://news.sina.com.cn/o/2020-01-22/doc-iihnzhha4102917.shtml
1月22日,泰国,,1,0,0,http://www.bjnews.com.cn/world/2020/01/22/677873.html
1月23日,上海,,7,0,0,http://wsjkw.sh.gov.cn/xwfb/20200123/1b05f22403e741fda34cd49ee430520f.html
1月23日,香港,,2,0,0,https://m.thepaper.cn/newsDetail_forward_5612815
1月23日,新加坡,,1,0,0,https://baijiahao.baidu.com/s?id=1656525391955084301&wfr=spider&for=pc
1月23日,越南,,2,0,0,https://mbd.baidu.com/newspage/data/landingshare?pageType=1&isBdboxFrom=1&context=%7B%22nid%22:%22news_9287826104118479133%22%7D
1月24日,上海,,4,0,0,https://news.163.com/20/0124/08/F3L23I9V0001899O.html
1月24日,韩国,,1,0,0,http://www.qzcns.com/qznews/2020/0124/595764.html
1月24日,新加坡,,2,0,0,https://m.nbd.com.cn/articles/2020-01-24/1402678.html
1月24日,台湾,,2,0,0,https://c.m.163.com/news/a/F3MBQB710001899O.html?spss=newsapp
1月24日,日本,,1,0,0,https://www.thepaper.cn/newsDetail_forward_5621277
1月24日,泰国,,1,0,0,https://www.thepaper.cn/newsDetail_forward_5624293
1月24日,尼泊尔,,1,0,0,https://weibointl.api.weibo.cn/share/115803138.html?weibo_id=4464411647502209
1月24日,美国,,1,0,0,https://weibointl.api.weibo.cn/share/115804044.html?weibo_id=4464406257316612
1月24日,香港,,3,0,0,https://www.chp.gov.hk/files/pdf/enhanced_sur_pneumonia_wuhan_chi.pdf
1月24日,日本,,0,1,0,http://3g.163.com/news/article/F3M3INBM0001899O.html
1月25日,法国,,2,0,0,https://m.weibo.cn/status/4464513665466775?
1月25日,上海,,13,0,0,https://m.weibo.cn/status/4464537044242144?
1月25日,马来西亚,,3,0,0,https://m.weibo.cn/5182171545/4464591164035982
1月25日,泰国,,1,0,0,https://www.thepaper.cn/newsDetail_forward_5631143
1月25日,澳大利亚,,1,0,0,https://www.thepaper.cn/newsDetail_forward_5631086
1月25日,日本,,1,0,0,https://weibo.com/2656274875/Ir7ANEv0q
1月25日,尼泊尔,,0,1,0,https://m.thepaper.cn/newsDetail_forward_5626275
1月25日,澳大利亚,,3,0,0,https://weibo.com/2656274875/Ir7TEjbxP
1月25日,法国,,1,0,0,https://baijiahao.baidu.com/s?id=1656679618493036946&wfr=spider&for=pc
1月26日,马来西亚,,1,0,0,https://weibo.com/2656274875/Irb9aiP24
1月26日,上海,,7,0,0,http://wsjkw.sh.gov.cn/xwfb/20200126/734a56a6c9684cebbac859e6fcb9a97c.html
1月26日,韩国,,1,0,0,http://m.news.cctv.com/2020/01/26/ARTILFPCIHHx0RGWcr6uHoAk200126.shtml
1月26日,加拿大,,1,0,0,https://wap.peopleapp.com/article/5076442/4971081
1月26日,新加坡,,1,0,0,http://news.sina.com.cn/w/2020-01-26/doc-iihnzhha4677743.shtml
1月26日,香港,,1,0,0,http://finance.sina.com.cn/roll/2020-01-26/doc-iihnzhha4767123.shtml
1月26日,泰国,,1,0,0,https://new.qq.com/omn/20200126/20200126A0ADRW00.html
1月26日,台湾,,1,0,0,http://app.cntv.cn/special/cportal/detail/arti/index.html?id=Arti7WuNR0NWcHGa0O423mpf200126&fromapp=cctvnews&version=803&version=803&allow_comment=1
1月26日,美国,,1,0,0,http://app.cntv.cn/special/cportal/detail/arti/index.html?id=ArtigL9ixApJOlgFSZUEfmlW200126&fromapp=cctvnews&version=803&version=803&allow_comment=1
1月26日,日本,,1,0,0,https://m.weibo.cn/2803301701/4465067296351622
1月27日,美国,,2,0,0,http://app.cntv.cn/special/cportal/detail/arti/index.html?id=ArtiFXvfoRgg3pC5wyvqOOHh200127&fromapp=cctvnews&version=803&version=803&allow_comment=1
1月27日,香港,,2,0,0,https://static.cdsb.com/micropub/Articles/202001/dd9d8ce553b72ea063939b320c51c5ce.html?fromUdid=CAFF13A7-FEAC-4B72-AE2D-497A40CC5C91
1月27日,澳门,,1,0,0,http://m.news.cctv.com/2020/01/27/ARTIwSLKEO3ECl8oSWrGAjHr200127.shtml
1月27日,韩国,,1,0,0,http://m.news.cctv.com/2020/01/27/ARTIAnzFo1twpAmz2QhfzB4P200127.shtml
1月27日,澳大利亚,,1,0,0,http://m.news.cctv.com/2020/01/27/ARTIHIqgpVLqQxGGmeRvy5MU200127.shtml
1月27日,泰国,,1,0,0,http://finance.sina.com.cn/stock/usstock/c/2020-01-27/doc-iihnzahk6548694.shtml
1月27日,台湾,,1,0,0,http://m.news.cctv.com/2020/01/27/ARTI2dFCr7KBBsGrPlY8ZB6B200127.shtml
1月27日,柬埔寨,,1,0,0,https://baijiahao.baidu.com/s?id=1656889251393861424&wfr=spider&for=pc
1月27日,斯里兰卡,,1,0,0,https://baijiahao.baidu.com/s?id=1656934549539956782&wfr=spider&for=pc
1月28日,德国,,1,0,0,http://m.news.cctv.com/2020/01/28/ARTIOixX62qZHZs3XZib54gO200128.shtml
1月28日,泰国,,0,3,0,https://news.163.com/20/0128/01/F3UM2AN50001899O.html
1月28日,泰国,,6,0,0,http://m.news.cctv.com/2020/01/28/ARTISxBq0FNCx3XqCfxhEYlZ200128.shtml
1月28日,新加坡,,3,0,0,http://app.cctv.com/special/cportal/detail/arti/index.html?id=Arti328RSyMYH8HNXUcwwcbD200128&fromapp=cctvnews&version=803&allow_comment=1
1月28日,台湾,,2,0,0,http://www.xinhuanet.com/politics/2020-01/28/c_1125508368.htm
1月28日,日本,,2,0,0,https://m.weibo.cn/2656274875/4465761466195918
1月28日,日本,,1,0,0,http://m.news.cctv.com/2020/01/28/ARTIM4MhrPJ4beAgEBDXVn9r200128.shtml
1月28日,台湾,,1,0,0,http://m.news.cctv.com/2020/01/28/ARTITb5ZApHiKOZaYH4QLqHe200128.shtml
1月29日,德国,,3,0,0,http://m.news.cctv.com/2020/01/29/ARTIKBTrjRkhuvBb8n5fxyCH200129.shtml
1月29日,法国,,1,0,0,http://m.news.cctv.com/2020/01/29/ARTIbiLvH4tIbwpsYqjyWmus200129.shtml
1月29日,马来西亚,,3,0,0,https://news.sina.com.cn/o/2020-01-29/doc-iihnzhha5174042.shtml
1月29日,加拿大,,1,0,0,http://www.xinhuanet.com/2020-01/28/c_1125507683.htm
1月29日,阿联酋,,1,0,0,http://m.news.cctv.com/2020/01/29/ARTIiyAJxkOIwNF5XJLxtX5w200129.shtml
1月29日,澳大利亚,,1,0,0,https://weibo.com/2656274875/IrJhqdxB8
1月29日,香港,,2,0,0,http://m.news.cctv.com/2020/01/29/ARTIpHMLE7zAI2zqHAi10yeh200129.shtml
1月29日,阿联酋,,3,0,0,http://m.news.cctv.com/2020/01/29/ARTIYNdTinQ5JOIJy17pJhq1200129.shtml
1月29日,新加坡,,3,0,0,https://m.weibo.cn/status/4466156741781135?
1月30日,法国,,1,0,0,http://app.cctv.com/special/cportal/detail/arti/index.html?id=ArtizKAng9tl6ghFdsKgeksy200130&fromapp=cctvnews&version=803&version=803&allow_comment=1
1月30日,芬兰,,1,0,0,http://app.cctv.com/special/cportal/detail/arti/index.html?id=ArtiD4VjPTrXM9Zb08AUiDWt200130&fromapp=cctvnews&version=803&version=803&allow_comment=1
1月30日,日本,,3,0,0,https://weibo.com/2803301701/IrQivoU5k
1月30日,加拿大,,1,0,0,http://app.cctv.com/special/cportal/detail/arti/index.html?id=ArtiOttaUoX2n7NG6AQfKtso200130&fromapp=cctvnews&version=803&allow_comment=1
1月30日,马来西亚,,1,0,0,http://app.cctv.com/special/cportal/detail/arti/index.html?id=Artiy8TsBYPsCty7ejNOc1ZU200130&fromapp=cctvnews&version=803&allow_comment=1
1月30日,澳大利亚,,0,2,0,http://app.cctv.com/special/cportal/detail/arti/index.html?id=ArtiVpVeFaaLgtBZGitTdbJB200130&fromapp=cctvnews&version=803&allow_comment=1
1月30日,菲律宾,,1,0,0,http://app.cctv.com/special/cportal/detail/arti/index.html?id=ArtiCgaTLlTnzUpOdXh60dLp200130&fromapp=cctvnews&version=803&allow_comment=1
1月30日,韩国,,2,0,0,http://app.cctv.com/special/cportal/detail/arti/index.html?id=ArtiILYJVHb6q9BL3yHPi6kn200130&fromapp=cctvnews&version=803&allow_comment=1&from=groupmessage&isappinstalled=0
1月30日,印度,,1,0,0,http://app.cctv.com/special/cportal/detail/arti/index.html?id=ArtiARzpHmahbeDRWrpRhR5k200130&fromapp=cctvnews&version=803&allow_comment=1
1月30日,澳大利亚,,1,0,0,http://app.cctv.com/special/cportal/detail/arti/index.html?id=ArtimA4Lnz0gHCbFqhjff2Cr200130&fromapp=cctvnews&version=803&allow_comment=1
1月30日,越南,,3,0,0,http://m.news.cctv.com/2020/01/30/ARTIrhphoDXRCXp0ZngXjBig200130.shtml
1月30日,新加坡,,3,0,0,http://m.news.cctv.com/2020/01/30/ARTIxdsgOkzNmNHRCltk9q1b200130.shtml
1月30日,日本,,2,0,0,http://m.news.cctv.com/2020/01/30/ARTI2Fjyo7xwJ1IA2OsogI1e200130.shtml
1月30日,台湾,,1,0,0,https://tech.sina.com.cn/roll/2020-01-30/doc-iimxxste7700675.shtml
1月31日,美国,,1,0,0,http://app.cctv.com/special/cportal/detail/arti/index.html?id=ArtiSQ3NY9s1b4zrMSL5P0v3200131&fromapp=cctvnews&version=803&version=803&allow_comment=1
1月31日,法国,,1,0,0,http://app.cctv.com/special/cportal/detail/arti/index.html?id=ArtiBpULjDyRYUGV5YdTsO9b200131&fromapp=cctvnews&version=803&version=803&allow_comment=1
1月31日,澳大利亚,,1,0,0,http://app.cctv.com/special/cportal/detail/arti/index.html?id=ArtiiwdxRvFE95wiQ2tXEyy6200131&fromapp=cctvnews&version=803&version=803&allow_comment=1
1月31日,意大利,,2,0,0,http://m.news.cctv.com/2020/01/31/ARTIZ6oPnN9N3IVtKoavmucj200131.shtml
1月31日,德国,,1,0,0,http://app.cctv.com/special/cportal/detail/arti/index.html?id=ArtiqqC58eSqtZ0A8J6wyw3L200131&fromapp=cctvnews&version=803&version=803&allow_comment=1
1月31日,香港,,2,0,0,http://www.nhc.gov.cn/xcs/yqfkdt/202001/a53e6df293cc4ff0b5a16ddf7b6b2b31.shtml
1月31日,韩国,,1,0,0,http://app.cctv.com/special/cportal/detail/arti/index.html?id=ArtiznjXU2yND7SIggya9Z1p200131&fromapp=cctvnews&version=803&allow_comment=1
1月31日,韩国,,4,0,0,http://news.163.com/20/0131/14/F47NISV50001899O.html
1月31日,英国,,2,0,0,https://www.thepaper.cn/newsDetail_forward_5702940
1月31日,日本,,2,0,0,http://app.cctv.com/special/cportal/detail/arti/index.html?id=ArtiJipblZT1FIbPNAeTAf2M200131&fromapp=cctvnews&version=803&version=803&allow_comment=1
1月31日,泰国,,5,0,0,http://m.news.cctv.com/2020/01/31/ARTIiogSApRxQEByXZszRwFh200131.shtml
1月31日,日本,,2,0,0,http://app.cntv.cn/special/cportal/detail/arti/index.html?id=ArtitTktkxvxWy6iRniDlHEj200131&fromapp=cctvnews&version=803&version=803&allow_comment=1
1月31日,台湾,,1,0,0,https://news.sina.com.cn/c/2020-01-31/doc-iimxxste7924145.shtml
1月31日,新加坡,,3,0,0,http://app.cntv.cn/special/cportal/detail/arti/index.html?id=ArtiRrr1t0sjofYVNpbDhiqV200131&fromapp=cctvnews&version=803&version=803&allow_comment=1
1月31日,俄罗斯,,2,0,0,http://app.cntv.cn/special/cportal/detail/arti/index.html?id=ArtiryhMAMhX0LBLwLRqu1AU200131&fromapp=cctvnews&version=803&version=803&allow_comment=1
1月31日,德国,,1,0,0,http://m.news.cctv.com/2020/01/31/ARTIFwGLdJ4Pwb4Upwb8V7kP200131.shtml
1月31日,瑞典,,1,0,0,http://m.news.cctv.com/2020/01/31/ARTIyVqYvHSj2Bo0brOXES9f200131.shtml
1月31日,加拿大,,0,1,0,http://m.news.cctv.com/2020/01/31/ARTIkaLUT46uETJVLEsqw3Ny200131.shtml
2月1日,西班牙,,1,0,0,https://weibo.com/2656274875/Is8mSaXLc
2月1日,德国,,1,0,0,https://weibo.com/2803301701/Is8lLCfI2
2月1日,加拿大,,1,0,0,http://www.bjnews.com.cn/feature/2020/02/01/682439.html
2月1日,韩国,,1,0,0,http://app.cntv.cn/special/cportal/detail/arti/index.html?id=Arti2LxZuNOeAD9PNOWjuCxp200201&fromapp=cctvnews&version=803&allow_comment=1
2月1日,澳大利亚,,1,0,0,http://m.news.cctv.com/2020/02/01/ARTIdHqW2DTO4ohj8qCatKyw200201.shtml
2月1日,越南,,1,0,0,http://app.cctv.com/special/cportal/detail/arti/index.html?id=Artiw6JjkpXyZvIuG8Izz7Do200201&fromapp=cctvnews&version=803&version=803&allow_comment=1
2月1日,澳大利亚,,2,0,0,http://app.cctv.com/special/cportal/detail/arti/index.html?id=Arti9wTJaeLzGBLIQF5FrSh9200201&fromapp=cctvnews&version=803&allow_comment=1
2月1日,新加坡,,2,0,0,http://app.cntv.cn/special/cportal/detail/arti/index.html?id=ArtizMFZmQmVm7xC7weBrHZU200201&fromapp=cctvnews&version=803&allow_comment=1
2月1日,斯里兰卡,,0,1,0,http://m.news.cctv.com/2020/02/01/ARTIO3N4STX7cO1rpoXq1lkl200201.shtml
2月2日,阿联酋,,1,0,0,
2月2日,德国,,1,0,0,http://app.cctv.com/special/cportal/detail/arti/index.html?id=ArtihdiVcil9cRmuHPqurVTq200202&fromapp=cctvnews&version=803&allow_comment=1
2月2日,美国,,2,0,0,http://app.cctv.com/special/cportal/detail/arti/index.html?id=Arti78Gz9yT8jtD3lwNfOyzc200202&fromapp=cctvnews&version=803&allow_comment=1
2月2日,韩国,,3,0,0,http://m.news.cctv.com/2020/02/02/ARTIa63HPoC1CT3GSy1jpopJ200202.shtml
2月2日,香港,,1,0,0,http://app.cctv.com/special/cportal/detail/arti/index.html?id=ArtiZjJxFsDdkYL3zoDxghQK200202&fromapp=cctvnews&version=803&allow_comment=1&from=groupmessage&isappinstalled=0
2月2日,菲律宾,,1,0,0,http://m.news.cctv.com/2020/02/02/ARTIu0Q6lnNBNwCicXrdJtM4200202.shtml
2月2日,菲律宾,,0,0,1,https://m.chinanews.com/wap/detail/zw/gj/2020/02-02/9075864.shtml
2月2日,澳门,,1,0,0,http://app.cctv.com/special/cportal/detail/arti/index.html?id=ArtiUiD7XBqdkMyeGWnAIMD5200202&fromapp=cctvnews&version=803&allow_comment=1
2月2日,越南,,1,0,0,http://app.cctv.com/special/cportal/detail/arti/index.html?id=ArtiIqO1SPrwZM77V6hTEfoe200202&fromapp=cctvnews&version=803&version=803&allow_comment=1
2月2日,印度,,1,0,0,http://app.cctv.com/special/cportal/detail/arti/index.html?id=ArtilMdfTYuO0AsWFMC09zEK200202&fromapp=cctvnews&version=803&allow_comment=1
2月2日,日本,,3,0,0,http://www.chinanews.com/gj/2020/02-01/9075554.shtml
2月2日,德国,,2,0,0,http://m.news.cctv.com/2020/02/02/ARTIyloDd8h3bhFM6lWSK5w0200202.shtml
2月3日,美国,,1,0,0,https://weibo.com/2803301701/IsqYifF9i
2月3日,印度,,1,0,0,http://m.news.cctv.com/2020/02/03/ARTIeClVSTNEL4rPj66yG1ZE200203.shtml
2月3日,越南,,1,0,0,http://m.news.cctv.com/2020/02/03/ARTIMSRNwiFnsyK8qjR3oIqh200203.shtml
2月3日,香港,,1,0,0,https://m.weibo.cn/status/4467785398789958?sudaref=login.sina.com.cn
2月4日,德国,,1,0,0,http://news.sina.com.cn/w/2020-02-04/doc-iimxyqvz0074315.shtml
2月4日,德国,,1,0,0,https://tech.sina.com.cn/roll/2020-02-04/doc-iimxyqvz0078004.shtml
2月4日,澳门,,1,0,0,http://m.news.cctv.com/2020/02/04/ARTIFbTecRwjkZfHkgCbx8RI200204.shtml
2月4日,美国,,2,1,0,http://m.news.cctv.com/2020/02/04/ARTIMcnM4YtXSd7k0BuCCFft200204.shtml
2月4日,香港,,0,0,1,http://app.cctv.com/special/cportal/detail/arti/index.html?id=ArtiTntmQbxF96wndrpa8NmM200204&fromapp=cctvnews&version=803&allow_comment=1
2月4日,韩国,,1,0,0,http://m.news.cctv.com/2020/02/04/ARTIYqYm1HJiq3zPvqbWMjVa200204.shtml
2月4日,澳门,,1,0,0,http://app.cntv.cn/special/cportal/detail/arti/index.html?id=ArtiPAV1nak4Hs8Wn9Jiq1v7200204&fromapp=cctvnews&version=803&allow_comment=1
2月4日,马来西亚,,2,0,0,http://app.cctv.com/special/cportal/detail/arti/index.html?id=ArtiK7fc0cTQC6HAkdzFxNlK200204&fromapp=cctvnews&version=803&allow_comment=1
2月4日,越南,,1,0,0,http://m.thepaper.cn/newsDetail_forward_5775119
2月4日,越南,,1,0,0,http://app.cctv.com/special/cportal/detail/arti/index.html?id=ArtiGe8vJ8oBIsy29mLF0Lp6200204&fromapp=cctvnews&version=803&allow_comment=1
2月4日,比利时,,1,0,0,http://app.cctv.com/special/cportal/detail/arti/index.html?id=ArtiQjcWiIsDtxXuWZutVOyu200204&fromapp=cctvnews&version=803&allow_comment=1
2月4日,香港,,2,0,0,http://app.cctv.com/special/cportal/detail/arti/index.html?id=Arti4CzwkYJMWHUDgyzFwINH200204&fromapp=cctvnews&version=803&allow_comment=1
2月4日,泰国,,6,3,0,http://app.cctv.com/special/cportal/detail/arti/index.html?id=Arti0RJDByierIzgOgOqUhTR200204&fromapp=cctvnews&version=803&allow_comment=1
2月4日,新加坡,,6,0,0,http://app.cctv.com/special/cportal/detail/arti/index.html?id=Arti3rj5h9oqzwxc2aoadAzy200204&fromapp=cctvnews&version=803&allow_comment=1
2月4日,澳大利亚,,1,0,0,http://m.news.cctv.com/2020/02/04/ARTIZeLL5gc93FgxnLxYgKzR200204.shtml
2月4日,台湾,,1,0,0,http://news.sina.com.cn/c/2020-02-04/doc-iimxxste8849071.shtml
2月5日,加拿大,,1,0,0,http://m.news.cctv.com/2020/02/05/ARTITxWoeKJc5lUzn9I2V5HE200205.shtml
2月5日,马来西亚,,2,1,0,http://app.cctv.com/special/cportal/detail/arti/index.html?id=ArtiwXRHr9Na3RB3FxRHvfWY200205&fromapp=cctvnews&version=803&version=803&allow_comment=1
2月5日,香港,,1,0,0,https://www.chp.gov.hk/files/pdf/enhanced_sur_pneumonia_wuhan_chi.pdf
2月5日,日本,,3,0,0,https://world.huanqiu.com/article/9CaKrnKpcqe
2月5日,上海,,0,0,0,https://mp.weixin.qq.com/s/CdvN6utj56JO0pd2k22wGw
2月5日,日本,,10,0,0,https://m.guancha.cn/internation/2020_02_05_534604.shtml
2月5日,菲律宾,,1,0,0,http://app.cctv.com/special/cportal/detail/arti/index.html?id=Artiks498rDPSVJXK2fInWCR200205&fromapp=cctvnews&version=803&allow_comment=1
2月5日,韩国,,2,0,0,https://m.weibo.cn/status/4468560157715039?sudaref=login.sina.com.cn
2月5日,韩国,,1,0,0,http://m.news.cctv.com/2020/02/05/ARTISb89iHHVLTBTq4kgIFat200205.shtml
2月5日,日本,,2,0,0,http://m.news.cctv.com/2020/02/05/ARTIi0mrydec7LIVPo2CIUkO200205.shtml
2月5日,澳大利亚,,1,0,0,http://m.news.cctv.com/2020/02/05/ARTIwdNepXFyCB6fm0ZUTOz4200205.shtml
2月5日,香港,,3,0,0,https://china.huanqiu.com/article/9CaKrnKpd2M
2月6日,新加坡,,4,0,0,http://m.news.cctv.com/2020/02/05/ARTIkg5C1g1ph70qhxeiVxWk200205.shtml
2月6日,美国,,1,0,0,http://app.cctv.com/special/cportal/detail/arti/index.html?id=ArtioQX1Lvpbdz75Bre3kLl1200206&fromapp=cctvnews&version=803&allow_comment=1
2月6日,韩国,,4,1,0,http://m.news.cctv.com/2020/02/06/ARTIkS2p6dSn9s1zvdBBjkAj200206.shtml
2月6日,日本,,10,0,0,http://app.cntv.cn/special/cportal/detail/arti/index.html?id=Artirn1mOW9p6xhXKvUcH3gb200206&fromapp=cctvnews&version=803&allow_comment=1
2月6日,马来西亚,,2,0,0,http://m.news.cctv.com/2020/02/06/ARTIQMNHCq7w0pmxm1g0jzEF200206.shtml
2月6日,台湾,,2,0,0,http://m.news.cctv.com/2020/02/06/ARTIg4gqYZcuMBspIxULh3II200206.shtml
2月6日,澳门,,0,1,0,http://m.news.cctv.com/2020/02/06/ARTIbxL7w13osrGOyFzBFEQZ200206.shtml
2月6日,台湾,,3,1,0,http://m.news.cctv.com/2020/02/06/ARTIeO07tSh0mIXIE3GSfxZx200206.shtml
2月6日,新加坡,,2,0,0,http://m.news.cctv.com/2020/02/06/ARTIPgHYEyQQ2Ygw3MFoXe19200206.shtml
2月6日,芬兰,,0,1,0,http://m.news.cctv.com/2020/02/06/ARTIHwijQh92Xvr8qRDtBj1X200206.shtml
2月7日,香港,,3,0,0,http://m.news.cctv.com/2020/02/07/ARTI8BTT2i0fEEclBNdv0YXT200207.shtml
2月7日,澳大利亚,,1,1,0,http://m.news.cctv.com/2020/02/07/ARTICORpLeDWzQoZIVUvGkn4200207.shtml
2月7日,德国,,1,0,0,http://m.news.cctv.com/2020/02/07/ARTIitu8mwIepuaM1m0hKCDr200207.shtml
2月7日,日本,,41,0,0,http://app.cntv.cn/special/cportal/detail/arti/index.html?id=ArtiJz56nQBFlr5NCsicpYQw200207&fromapp=cctvnews&version=803&allow_comment=1
2月7日,韩国,,1,1,0,http://m.news.cctv.com/2020/02/07/ARTIx3cnqjNjLlIkFxWIQTC7200207.shtml
2月7日,越南,,2,0,0,http://m.news.cctv.com/2020/02/07/ARTIMHpkdOFIMgBzFVHZjDQ2200207.shtml
2月7日,马来西亚,,1,0,0,http://m.news.cctv.com/2020/02/07/ARTIl7kbTXty784mXBdzGTqk200207.shtml
2月7日,新加坡,,3,0,0,http://news.cctv.com/2020/02/07/ARTIglNZvY4BAVGZttTGJOXq200207.shtml
2月7日,意大利,,1,0,0,https://world.huanqiu.com/article/9CaKrnKpeCQ
2月7日,英国,,1,0,0,https://world.huanqiu.com/article/9CaKrnKpenh
2月8日,美国,,0,2,0,http://m.news.cctv.com/2020/02/08/ARTIJj0vCocA7m1vPfql4QNS200208.shtml
2月8日,日本,,3,0,0,http://m.news.cctv.com/2020/02/08/ARTIuaAfqpnQWqN8V9MsqWqd200208.shtml
2月8日,越南,,1,0,0,http://app.cctv.com/special/cportal/detail/arti/index.html?id=ArtiVmQTTCbKXtBrMozqnuS2200208&fromapp=cctvnews&version=803&allow_comment=1
2月8日,香港,,1,0,0,http://www.nhc.gov.cn/xcs/yqfkdt/202002/6c305f6d70f545d59548ba17d79b8229.shtml
2月8日,阿联酋,,2,0,0,http://app.cctv.com/special/cportal/detail/arti/index.html?id=Artihub4xdOMIn0F7fQCk9bG200208&fromapp=cctvnews&version=803&version=803&allow_comment=1
2月8日,泰国,,7,2,0,http://m.news.cctv.com/2020/02/08/ARTILl2oEsTist83SlwQwbXZ200208.shtml
2月8日,马来西亚,,1,0,0,http://m.news.cctv.com/2020/02/08/ARTIpq6g4HQTEUE8Pj6zjdbj200208.shtml
2月8日,台湾,,1,0,0,https://xw.qq.com/cmsid/20200208A06ZJX00?pgv_ref=sogousm&ADTAG=sogousm
2月8日,法国,,5,0,0,http://m.news.cctv.com/2020/02/08/ARTIUR7Dq84KPeA0KKSxdF11200208.shtml
2月8日,马来西亚,,0,1,0,http://app.cctv.com/special/cportal/detail/arti/index.html?id=Arti3nFS0EHf0k8lLNWWekWj200208&fromapp=cctvnews&version=803&allow_comment=1
2月8日,甘肃,,0,3,0,http://app.cctv.com/special/cportal/detail/arti/index.html?id=ArtibvoZfsF5wWnFTIG0Tvmk200208&fromapp=cctvnews&version=803&allow_comment=1
2月8日,新加坡,,7,0,0,http://app.cctv.com/special/cportal/detail/arti/index.html?id=ArtisXqwaQDDG3clqo0H5haK200208&fromapp=cctvnews&version=803&allow_comment=1
2月9日,加拿大,,2,0,0,https://mbd.baidu.com/newspage/data/landingsuper?context=%7B%22nid%22%3A%22news_8847657226884652488%22%7D&n_type=0&p_from=1
2月9日,韩国,,1,0,0,http://m.news.cctv.com/2020/02/09/ARTIxXz0buIlYdghJviWwSj7200209.shtml
2月9日,韩国,,0,1,0,http://m.news.cctv.com/2020/02/09/ARTIeUwrpxNhbEU2nkvKOS3n200209.shtml
2月9日,越南,,0,1,0,http://m.news.cctv.com/2020/02/09/ARTIamxbByIhAOtCkIvaRgpa200209.shtml
2月9日,马来西亚,,1,0,0,http://app.cctv.com/special/cportal/detail/arti/index.html?id=Artiqo0dbmvUGSWsSvm5lES1200209&fromapp=cctvnews&version=803&allow_comment=1
2月9日,香港,,3,0,0,http://app.cntv.cn/special/cportal/detail/arti/index.html?id=ArtieoRtJcawMubrXTJmUxGd200209&fromapp=cctvnews&version=803&allow_comment=1
2月9日,韩国,,2,0,0,http://m.news.cctv.com/2020/02/09/ARTIVQLw0xETSIo7XvSicXoU200209.shtml
2月9日,台湾,,1,0,0,https://taiwan.huanqiu.com/article/3wxfpd6EmN8
2月9日,西班牙,,1,0,0,http://m.news.cctv.com/2020/02/09/ARTIY2ztYu6L2ht20f1XEITD200209.shtml
2月9日,新加坡,,3,0,0,http://m.news.cctv.com/2020/02/09/ARTIBkEvI3c0EJgi1iJH9jhs200209.shtml
2月9日,日本,,6,0,0,https://world.huanqiu.com/article/9CaKrnKph62
2月9日,日本,,1,0,0,https://www.who.int/docs/default-source/coronaviruse/situation-reports/20200209-sitrep-20-ncov.pdf?sfvrsn=6f80d1b9_4
2月9日,甘肃,,0,1,0,http://wsjk.gansu.gov.cn/single/10910/83900.html
2月10日,英国,,1,0,0,http://app.cctv.com/special/cportal/detail/arti/index.html?id=ArtiZBAiMqVR0rpe3uDfupkb200210&fromapp=cctvnews&version=803&allow_comment=1
2月10日,阿联酋,,0,1,0,http://app.cctv.com/special/cportal/detail/arti/index.html?id=Arti0eXNrTL2HjQDDvwGjKt5200209&fromapp=cctvnews&version=803&allow_comment=1
2月10日,马来西亚,,1,0,0,http://m.news.cctv.com/2020/02/10/ARTIvOUxef8qWOwsXUc3HLh0200210.shtml
2月10日,德国,,1,0,0,http://m.news.cctv.com/2020/02/10/ARTI2gQdvMNUbFbQdD7YfBNM200210.shtml
2月10日,越南,,1,0,0,https://world.huanqiu.com/article/9CaKrnKph0q
2月10日,日本,,0,0,0,http://m.news.cctv.com/2020/02/10/ARTIAez0dTMLpC83uxeOJwN1200210.shtml
2月10日,菲律宾,,0,1,0,http://m.news.cctv.com/2020/02/10/ARTIgyOqFtpPIKKLTsSRX6L9200210.shtml
2月10日,柬埔寨,,0,1,0,https://mp.weixin.qq.com/s/q-evam0Rgjrri_qltwZO1g
2月10日,香港,,7,0,0,http://m.news.cctv.com/2020/02/10/ARTIFegw7bR2F15Fbp2zg9EI200210.shtml
2月10日,香港,,2,0,0,http://app.cctv.com/special/cportal/detail/arti/index.html?id=Arti8bgCiKQ3ZmKwNVThgeNW200210&fromapp=cctvnews&version=803&allow_comment=1&from=groupmessage&isappinstalled=0
2月10日,英国,,4,0,0,http://m.news.cctv.com/2020/02/10/ARTIZJnKd17DJjLtEA7K46JR200210.shtml
2月10日,阿联酋,,0,1,0,http://m.news.cctv.com/2020/02/10/ARTIfFMoUPja2CawPKB3bmn1200210.shtml
2月10日,新加坡,,2,0,0,http://m.news.cctv.com/2020/02/10/ARTISxzBnkYDxXtkxG4KgaWH200210.shtml
2月10日,新加坡,,0,7,0,https://m.chinanews.com/wap/detail/zw/gj/2020/02-10/9086201.shtml
2月11日,阿联酋,,1,0,0,http://app.cctv.com/special/cportal/detail/arti/index.html?id=ArtiRDdabCISAfGokqSuuWQt200211&fromapp=cctvnews&version=803&allow_comment=1
2月11日,香港,,4,0,0,https://www.chp.gov.hk/files/pdf/enhanced_sur_pneumonia_wuhan_chi.pdf
2月11日,日本,,65,0,0,http://app.cctv.com/special/cportal/detail/arti/index.html?id=ArtimpU3w5f8xlUHtFIMK51j200211&fromapp=cctvnews&version=803&allow_comment=1
2月11日,美国,,1,0,0,http://app.cctv.com/special/cportal/detail/arti/index.html?id=ArtioTZdvb0vwi30mSX0Myu6200211&fromapp=cctvnews&version=803&allow_comment=1
2月11日,韩国,,1,0,0,http://app.cctv.com/special/cportal/detail/arti/index.html?id=ArtirTCppEccdWNrQwmGbBYt200211&fromapp=cctvnews&version=803&allow_comment=1
2月11日,越南,,1,0,0,http://m.news.cctv.com/2020/02/11/ARTIZ0kDKE7I4YSJWOjMZrKD200211.shtml
2月11日,澳大利亚,,0,2,0,http://m.news.cctv.com/2020/02/11/ARTINurknRuGmKCgJbr3lXOs200211.shtml
2月11日,香港,,7,0,0,http://m.news.cctv.com/2020/02/11/ARTIiPIh5TegOpvz6mDjpoC9200211.shtml
2月11日,日本,,2,0,0,http://m.news.cctv.com/2020/02/11/ARTIoOKiScERTgZCdfS2Gj4Y200211.shtml
2月11日,新加坡,,2,2,0,http://app.cctv.com/special/cportal/detail/arti/index.html?id=ArtiuRAw43D9qPpWzpjkGunl200211&fromapp=cctvnews&version=803&allow_comment=1
2月11日,甘肃,,0,5,0,http://wsjk.gansu.gov.cn/single/11218/83962.html
2月11日,甘肃,,0,2,0,http://app.cctv.com/special/cportal/detail/arti/index.html?id=ArtiNolG33EdzjXlUvVRYZwX200211&fromapp=cctvnews&version=803&allow_comment=1
2月11日,泰国,,1,0,0,https://m.chinanews.com/wap/detail/zw/gj/2020/02-11/9086961.shtml
2月12日,日本,,39,0,0,http://m.news.cctv.com/2020/02/12/ARTIrhSbWAYf0UXjls5YDZye200212.shtml
2月12日,日本,,1,0,0,http://app.cctv.com/special/cportal/detail/arti/index.html?id=ArtiCPauIJReAafRKAmTzOu8200212&fromapp=cctvnews&version=803&allow_comment=1
2月12日,德国,,2,0,0,http://m.news.cctv.com/2020/02/12/ARTIWl2CnCvWywWL4IMxsNY2200212.shtml
2月12日,澳门,,0,1,0,http://m.news.cctv.com/2020/02/12/ARTIcUDY72EVvANiOUhVQSAr200212.shtml
2月12日,香港,,1,0,0,http://m.news.cctv.com/2020/02/12/ARTIUXELftbnJohND8KXOZ9Y200212.shtml
2月12日,日本,,0,7,0,https://baijiahao.baidu.com/s?id=1658250613241373233&wfr=spider&for=pc
2月12日,新加坡,,3,6,0,http://app.cntv.cn/special/cportal/detail/arti/index.html?id=ArtiWRnMqZfaHju1t62Tq4tF200212&fromapp=cctvnews&version=803&allow_comment=1
2月12日,香港,,0,1,0,https://www.thepaper.cn/newsDetail_forward_5938990
2月12日,越南,,0,1,0,http://app.cctv.com/special/cportal/detail/arti/index.html?id=Arti4d75BFhI1r97b86jiMIx200212&fromapp=cctvnews&version=803&allow_comment=1
2月12日,俄罗斯,,0,1,0,https://m.weibo.cn/5044281310/4471437186064400
2月13日,英国,,1,0,0,http://m.news.cctv.com/2020/02/13/ARTIlTM0XNTMwwJpq1Nss9bT200213.shtml
2月13日,加拿大,,0,1,0,http://m.news.cctv.com/2020/02/13/ARTIuqUtvS4Oars8MdcQxAQw200213.shtml
2月13日,美国,,1,0,0,http://m.news.cctv.com/2020/02/13/ARTIVVHTu5IY1VZm0iOOMR1O200213.shtml
2月13日,俄罗斯,,0,1,0,https://m.weibo.cn/5044281310/4471437186064400
2月13日,日本,,44,0,0,https://c.m.163.com/news/a/F58U1G6T0001899N.html?spss=newsapp
2月13日,越南,,1,0,0,http://app.cctv.com/special/cportal/detail/arti/index.html?id=ArtimQF6G8bV2UtE7mYCivN9200213&fromapp=cctvnews&version=803&allow_comment=1
2月13日,香港,,1,0,0,http://app.cntv.cn/special/cportal/detail/arti/index.html?id=Artiv4cGXWIH1wFZu3KF17jh200213&fromapp=cctvnews&version=803&allow_comment=1
2月13日,马来西亚,,1,0,0,http://m.news.cctv.com/2020/02/13/ARTIZsfdJdWsRWMDraExNhxC200213.shtml
2月13日,新加坡,,8,0,0,http://m.news.cctv.com/2020/02/13/ARTIAxRJ4jpQ5Qw9LBaWCPlF200213.shtml
2月13日,日本,,0,0,1,https://weibointl.api.weibo.cn/share/123001528.html?weibo_id=4471597852911225
2月13日,香港,,2,0,0,http://www.xinhuanet.com/gangao/2020-02/13/c_1125571254.htm
2月13日,澳门,,0,1,0,http://www.xinhuanet.com/2020-02/13/c_1125570689.htm
2月14日,美国,,1,0,0,http://app.cctv.com/special/cportal/detail/arti/index.html?id=Artii3Dv5du8xl29r8LaPEWp200214&fromapp=cctvnews&version=803&allow_comment=1&from=groupmessage
2月14日,德国,,0,1,0,http://app.cctv.com/special/cportal/detail/arti/index.html?id=Arti2QN3VAFELvdabuMQ64e8200214&fromapp=cctvnews&version=803&allow_comment=1
2月14日,日本,,1,0,0,http://m.news.cctv.com/2020/02/14/ARTI1wRImzVZ5eMdenKRpI3e200214.shtml
2月14日,香港,,3,0,0,https://weibo.com/7314744863/IuaPZklxN
2月14日,新加坡,,9,0,0,http://m.news.cctv.com/2020/02/14/ARTI8ksiiVenbCKOJAYYsO8o200214.shtml
2月14日,阿联酋,,0,2,0,http://app.cctv.com/special/cportal/detail/arti/index.html?id=ArtiHZUHpX4zDHrkWrrbYOQO200214&fromapp=cctvnews&version=803&allow_comment=1
2月15日,加拿大,,1,0,0,http://app.cctv.com/special/cportal/detail/arti/index.html?id=ArtibBpWCNjvdQSIFwTMSQol200215&fromapp=cctvnews&version=803&allow_comment=1
2月15日,埃及,,1,0,0,http://app.cctv.com/special/cportal/detail/arti/index.html?id=ArticsCTETIoDvUvZ9pEXMwx200215&fromapp=cctvnews&version=803&allow_comment=1
2月15日,马来西亚,,2,0,0,http://m.news.cctv.com/2020/02/15/ARTI7GnDgCwSP3JqFbzu08HV200215.shtml
2月15日,日本,,5,0,0,http://m.news.cctv.com/2020/02/15/ARTIWvMH7fV4zs10GCLpZzoQ200215.shtml
2月15日,日本,,67,0,0,https://c.m.163.com/news/a/F5EL61HL0001899O.html?spss=newsapp
2月15日,日本,,6,0,0,http://m.news.cctv.com/2020/02/15/ARTIWpgo8tkPWbWpb22VBWi0200215.shtml
2月15日,日本,,8,0,0,http://m.news.cctv.com/2020/02/15/ARTIWpgo8tkPWbWpb22VBWi0200215.shtml
2月15日,法国,,0,0,1,http://m.news.cctv.com/2020/02/15/ARTIWEWkxSUWMddqUL9Fq4Bm200215.shtml
2月15日,台湾,,0,1,0,https://baijiahao.baidu.com/s?id=1658611102308038014&wfr=spider&for=pc
2月16日,泰国,,1,4,0,http://app.cctv.com/special/cportal/detail/arti/index.html?id=Arti1e4sfE5UEoqpHYaq5MzH200216&fromapp=cctvnews&version=803&allow_comment=1&from=groupmessage
2月16日,法国,,1,4,0,http://app.cctv.com/special/cportal/detail/arti/index.html?id=Arti00oL1bohPyBbfCnWB3tY200216&fromapp=cctvnews&version=803&allow_comment=1&from=groupmessage
2月16日,马来西亚,,1,5,0,http://app.cctv.com/special/cportal/detail/arti/index.html?id=ArtiQO1WP7maeNMZU0MSW7h8200216&fromapp=cctvnews&version=803&allow_comment=1
2月16日,新加坡,,5,0,0,http://m.news.cctv.com/2020/02/16/ARTIxWWJEPodGDIyITVLdGTJ200216.shtml
2月16日,日本,,70,0,0,http://m.news.cctv.com/2020/02/16/ARTI11gs9Tp4py9BkvM3NrGF200216.shtml
2月16日,韩国,,1,5,0,http://m.news.cctv.com/2020/02/16/ARTI8l7DmiYytgjJgDlwsr7M200216.shtml
2月16日,香港,,1,1,0,http://m.news.cctv.com/2020/02/16/ARTIXyKSA2sSVvWlbQZfDfvC200216.shtml
2月16日,日本,,4,0,0,https://m.weibo.cn/2656274875/4472640184073065
2月16日,日本,,3,0,0,https://m.weibo.cn/2656274875/4472640184073065
2月16日,澳门,,0,2,0,http://m.news.cctv.com/2020/02/16/ARTIf4E5SzMfvmbEslh8MQ6O200216.shtml
2月16日,台湾,,2,0,1,http://m.news.cctv.com/2020/02/16/ARTILpFR6RDIfJxY2jGuPfFr200216.shtml
2月16日,日本,,10,0,0,http://m.news.cctv.com/2020/02/16/ARTIWb2kJoxBQXSAVhEybaYd200216.shtml
2月17日,新加坡,,3,5,0,http://m.news.cctv.com/2020/02/17/ARTIPGJ8TLyxVxoM5vTPaV1C200217.shtml
2月17日,阿联酋,,1,0,0,http://m.news.cctv.com/2020/02/17/ARTI9XmnP8NQJ76VdxemEdS9200217.shtml
2月17日,日本,,99,0,0,https://static.cdsb.com/micropub/Articles/202002/08b5e736b2d54b05b25d570b9e8963fd.html?fromUdid=CAFF13A7-FEAC-4B72-AE2D-497A40CC5C91
2月17日,香港,,1,0,0,http://m.news.cctv.com/2020/02/17/ARTIw7dIVt7MGosjp9h7SmqD200217.shtml
2月17日,泰国,,1,1,0,http://m.news.cctv.com/2020/02/17/ARTIZrMKG3z0byRdveJ0f7v0200217.shtml
2月17日,台湾,,2,0,0,https://baijiahao.baidu.com/s?id=1658795318817762586&wfr=spider&for=pc
2月18日,新加坡,,2,4,0,http://m.news.cctv.com/2020/02/18/ARTIQUKIZUDbhbcZXh8YzJm8200218.shtml
2月18日,德国,,0,6,0,http://m.news.cctv.com/2020/02/18/ARTI3GYUlpLmfbpwie3riPRt200218.shtml
2月18日,韩国,,2,2,0,http://m.news.cctv.com/2020/02/18/ARTIe4yiMCxDzj0bQNXLlnPk200218.shtml
2月18日,香港,,2,0,0,http://m.news.cctv.com/2020/02/18/ARTIOca1UO3kSy1I8n4LfPfQ200218.shtml
2月18日,越南,,0,7,0,http://app.cctv.com/special/cportal/detail/arti/index.html?id=Arti2RMyE9d6EPo1wQ85aKjZ200218&fromapp=cctvnews&version=803&allow_comment=1
2月18日,香港,,1,0,0,http://m.news.cctv.com/2020/02/18/ARTIZM2e9bHBo90QYGUv60Cx200218.shtml
2月18日,日本,,88,0,0,https://weibo.com/2127460165/IuMCOkpIc
2月18日,香港,,0,2,0,http://m.news.cctv.com/2020/02/18/ARTIZM2e9bHBo90QYGUv60Cx200218.shtml
2月18日,日本,,3,0,0,http://app.cctv.com/special/cportal/detail/arti/index.html?id=Arti0ASJhjN8JV882F1bJO0h200218&fromapp=cctvnews&version=803&allow_comment=1
2月18日,新加坡,,4,5,0,http://m.news.cctv.com/2020/02/18/ARTIcjSFJ137CXVLMka0HMGC200218.shtml
2月18日,日本,,1,0,0,http://m.news.cctv.com/2020/02/18/ARTISnzY1ukQ2yITEwi60kpb200218.shtml
2月19日,韩国,,15,2,0,http://m.news.cctv.com/2020/02/19/ARTIjClEQNNY6xNvEZcl5iGy200219.shtml
2月19日,香港,,1,0,1,http://m.news.cctv.com/2020/02/19/ARTIbVu9Ls8o8lnD2b7iVO88200219.shtml
2月19日,韩国,,5,0,0,http://m.news.cctv.com/2020/02/19/ARTIItQxe32jeYK010zbCvlI200219.shtml
2月19日,日本,,2,0,0,http://m.news.cctv.com/2020/02/19/ARTIac9GpMQ1WHfAzgZIIJ1f200219.shtml
2月19日,日本,,79,0,0,http://m.news.cctv.com/2020/02/19/ARTIZNySoOPkzigr6HnnEhnQ200219.shtml
2月19日,香港,,0,0,0,http://m.news.cctv.com/2020/02/19/ARTIBAuh6ksynlJqS6RLIM6k200219.shtml
2月19日,台湾,,1,0,0,https://baijiahao.baidu.com/s?id=1658957758653744326&wfr=spider&for=pc
2月20日,伊朗,,2,0,2,http://m.news.cctv.com/2020/02/20/ARTI2gm4r1BSF471TfebXNeF200220.shtml
2月20日,香港,,3,1,0,https://www.chp.gov.hk/files/pdf/enhanced_sur_pneumonia_wuhan_chi.pdf
2月20日,澳门,,0,1,0,https://m.bjnews.com.cn/detail/158216386515640.html
2月20日,台湾,,1,0,0,https://m.bjnews.com.cn/detail/158216386515640.html
2月20日,韩国,,31,0,0,http://app.cntv.cn/special/cportal/detail/arti/index.html?id=ArtiMoG6Dx8KRU8s3BMbvSui200220&fromapp=cctvnews&version=803&allow_comment=1
2月20日,日本,,0,0,2,https://mp.weixin.qq.com/s/xwgcpyFsd-BuEPPvVMwWaQ
2月20日,新加坡,,3,5,0,https://www.moh.gov.sg/covid-19
2月20日,韩国,,0,4,0,http://www.xinhuanet.com/world/2020-02/20/c_1125598620.htm
2月20日,马来西亚,,0,8,0,http://www.chinanews.com/gj/2020/02-19/9097114.shtml
2月20日,日本,,1,7,0,https://www.mhlw.go.jp/stf/seisakunitsuite/bunya/newpage_09534.html
2月20日,日本,,2,0,0,http://m.news.cctv.com/2020/02/20/ARTIpBGUbqLjPL3sM5vGIdoZ200220.shtml
2月20日,韩国,,22,0,1,http://m.news.cctv.com/2020/02/20/ARTIRQHpFj1mktMsuiEtqb7X200220.shtml
2月20日,日本,,13,0,0,http://m.news.cctv.com/2020/02/20/ARTIcMDVDO73xPAWRHk1H6ne200220.shtml
2月20日,香港,,2,0,0,https://weibo.com/1895431523/Iv5RYwAx3
2月20日,香港,,0,1,0,https://weibo.com/1497882593/Iv5kErB6u?refer_flag=1001030103_
2月21日,加拿大,,0,1,0,http://m.news.cctv.com/2020/02/21/ARTIsnnGvqrU1q8hBAJae3Fv200221.shtml
2月21日,韩国,,52,0,0,http://m.news.cctv.com/2020/02/21/ARTIdHF5W1hqN9sejPSCiRsV200221.shtml
2月21日,日本,,19,0,0,https://baijiahao.baidu.com/s?id=1659107860394810252&wfr=spider&for=pc
2月21日,香港,,1,0,0,https://mp.weixin.qq.com/s/2cgYvsfEvSwi8eA7rLvMxw
2月21日,伊朗,,3,0,0,https://www.thepaper.cn/newsDetail_forward_6058474
2月21日,韩国,,48,0,0,https://weibo.com/2803301701/Iverotuoe?type=comment#_rnd1582276097090
2月21日,台湾,,2,0,0,https://weibo.com/1686546714/IvdD2gQny
2月21日,新加坡,,1,3,0,http://www.chinanews.com/m/gj/2020/02-20/9098765.shtml
2月21日,伊朗,,13,0,2,http://m.news.cctv.com/2020/02/21/ARTI12UF42wqp5Nh3baZCnDt200221.shtml
2月21日,以色列,,1,0,0,https://weibo.com/5182171545/IvgWP4Dme?from=page_1002065182171545_profile&wvr=6&mod=weibotime
2月21日,黎巴嫩,,1,0,0,https://weibo.com/5182171545/IvgWP4Dme?from=page_1002065182171545_profile&wvr=6&mod=weibotime
2月22日,阿联酋,,2,0,0,http://m.news.cctv.com/2020/02/22/ARTIEsbvrICFVQfDljHI9l6c200222.shtml
2月22日,美国,,19,0,0,http://m.news.cctv.com/2020/02/22/ARTIBkv8M9wCSca9UsbsqaxP200222.shtml
2月22日,加拿大,,1,3,0,http://m.news.cctv.com/2020/02/22/ARTIJ1hWIogSn0PeguP1HrIh200222.shtml
2月22日,澳大利亚,,2,0,0,http://m.news.cctv.com/2020/02/22/ARTIBwr93QDh16hPYNOIcZ6k200222.shtml
2月22日,韩国,,142,0,1,http://m.news.cctv.com/2020/02/22/ARTIAOt8sChK79wyw4S3RGEr200222.shtml
2月22日,韩国,,87,0,0,https://wap.peopleapp.com/article/5188201/5088762
2月22日,阿联酋,,0,2,0,http://m.news.cctv.com/2020/02/22/ARTIE2oZ7yqp1B4eUGlg7uIY200222.shtml
2月22日,伊朗,,10,0,1,http://m.news.cctv.com/2020/02/22/ARTIRz9xfKQi6cOqTtwpNxXH200222.shtml
2月22日,日本,,15,0,0,http://m.news.cctv.com/2020/02/22/ARTI2FsE91rpoFiq2qXYooJk200222.shtml
2月22日,意大利,,17,0,1,http://app.cctv.com/special/cportal/detail/arti/index.html?id=ArtiyaNiMf1YTj8UUWSjAppe200222&fromapp=cctvnews&version=803&allow_comment=1
2月22日,日本,,20,,0,http://m.news.cctv.com/2020/02/22/ARTIwqIlkXOpqSoK8Khus7Yp200222.shtml
